,Player,Pos,Age,Tm,G,TOT_MP,PER,ORB%,DRB%,TRB%,AST%,STL%,BLK%,USG%,OWS,DWS,WS,WS/48,OBPM,DBPM,BPM,VORP
0,Álex Abrines,SG,25.0,OKC,31.0,588,6.3,0.9,7.8,4.2,4.3,1.3,0.9,12.2,0.1,0.6,0.6,0.053,-3.7,0.4,-3.3,-0.2
1,Quincy Acy,PF,28.0,PHO,10.0,123,2.9,2.7,20.1,11.3,8.2,0.4,2.7,9.2,-0.1,0.0,-0.1,-0.022,-7.6,-0.5,-8.1,-0.2
2,Jaylen Adams,PG,22.0,ATL,34.0,428,7.6,2.6,12.3,7.4,19.8,1.5,1.0,13.5,-0.1,0.2,0.1,0.011,-3.8,-0.5,-4.3,-0.2
3,Steven Adams,C,25.0,OKC,80.0,2669,18.5,14.7,14.8,14.7,6.6,2.0,2.4,16.4,5.1,4.0,9.1,0.163,0.7,0.4,1.1,2.1
4,Bam Adebayo,C,21.0,MIA,82.0,1913,17.9,9.2,24.0,16.6,14.2,1.8,3.0,15.8,3.4,3.4,6.8,0.171,-0.4,2.2,1.8,1.8
5,Deng Adel,SF,21.0,CLE,19.0,194,2.7,1.6,9.6,5.4,3.4,0.3,1.8,9.9,-0.2,0.0,-0.2,-0.054,-6.0,-1.6,-7.5,-0.3
6,DeVaughn Akoon-Purcell,SG,25.0,DEN,7.0,22,8.2,4.9,14.8,9.8,37.1,4.5,0.0,25.0,-0.1,0.0,0.0,-0.051,-7.9,2.1,-5.8,0.0
7,LaMarcus Aldridge,C,33.0,SAS,81.0,2687,22.9,10.3,19.8,15.1,11.6,0.8,3.4,26.9,6.4,2.9,9.3,0.167,2.4,-0.6,1.8,2.6
8,Rawle Alkins,SG,21.0,CHI,10.0,120,8.1,9.9,13.7,11.8,15.2,0.4,0.0,19.0,-0.1,0.0,-0.1,-0.042,-3.8,-3.5,-7.3,-0.2
9,Grayson Allen,SG,23.0,UTA,38.0,416,7.5,0.8,5.1,3.0,8.9,0.7,1.1,24.4,-0.4,0.4,0.0,0.002,-4.2,-2.1,-6.3,-0.5
10,Jarrett Allen,C,20.0,BRK,80.0,2096,18.5,9.6,24.0,16.8,7.9,1.0,4.5,15.9,4.4,3.3,7.6,0.175,0.2,1.4,1.6,1.9
11,Kadeem Allen,SG,26.0,NYK,19.0,416,16.2,2.0,11.1,6.4,28.7,1.9,0.8,19.6,0.7,0.2,1.0,0.111,0.3,0.3,0.6,0.3
12,Al-Farouq Aminu,PF,28.0,POR,81.0,2292,13.2,5.3,22.6,14.2,6.0,1.4,1.2,13.7,3.0,2.8,5.8,0.121,0.1,0.6,0.7,1.5
13,Justin Anderson,SF,25.0,ATL,48.0,463,11.2,5.3,13.9,9.5,6.9,2.2,2.4,17.2,0.1,0.4,0.4,0.043,-2.4,-0.3,-2.7,-0.1
14,Kyle Anderson,SF,25.0,MEM,43.0,1281,12.8,4.1,18.1,11.0,15.0,2.1,2.7,12.6,0.8,1.8,2.7,0.1,-1.6,2.4,0.8,0.9
15,Ryan Anderson,PF,30.0,TOT,25.0,322,4.6,6.1,12.5,9.2,7.8,0.6,0.3,12.0,-0.3,0.0,-0.2,-0.035,-4.5,-1.9,-6.4,-0.4
16,Ryan Anderson,PF,30.0,PHO,15.0,278,4.6,5.5,12.5,9.0,8.1,0.5,0.3,12.1,-0.2,0.0,-0.2,-0.039,-4.5,-1.9,-6.3,-0.3
17,Ryan Anderson,PF,30.0,MIA,10.0,44,4.5,9.7,12.1,10.9,5.8,1.1,0.0,11.6,0.0,0.0,0.0,-0.009,-4.6,-1.9,-6.5,0.0
18,Ike Anigbogu,C,20.0,IND,3.0,6,-6.0,18.9,36.2,27.7,19.4,0.0,14.8,29.1,-0.1,0.0,-0.1,-0.48,-14.0,-2.3,-16.2,0.0
19,Giannis Antetokounmpo,PF,24.0,MIL,72.0,2358,30.9,7.3,30.0,19.3,30.3,1.8,3.9,32.3,8.9,5.5,14.4,0.292,6.3,4.1,10.4,7.4
20,Kostas Antetokounmpo,PF,21.0,DAL,2.0,11,-0.9,0.0,9.7,4.9,0.0,8.8,0.0,22.5,-0.1,0.0,-0.1,-0.247,-12.6,-0.1,-12.7,0.0
21,Carmelo Anthony,PF,34.0,HOU,10.0,294,10.9,3.3,17.3,10.2,2.6,0.7,2.0,20.5,0.1,0.2,0.3,0.048,-1.3,-1.4,-2.7,-0.1
23,OG Anunoby,SF,21.0,TOR,67.0,1352,9.8,4.8,10.8,7.9,4.7,1.6,1.3,15.5,0.3,1.7,2.0,0.07,-2.4,0.1,-2.4,-0.1
24,Ryan Arcidiacono,PG,24.0,CHI,81.0,1961,11.6,1.5,10.8,6.1,18.9,1.6,0.2,11.7,2.8,0.9,3.7,0.09,-2.0,0.1,-1.9,0.1
25,Trevor Ariza,SF,33.0,TOT,69.0,2349,12.0,2.3,15.2,8.6,14.8,1.8,0.7,16.6,1.3,1.2,2.5,0.052,-0.7,-0.6,-1.3,0.4
26,Trevor Ariza,SF,33.0,PHO,26.0,884,10.5,2.0,16.4,9.1,13.5,2.1,0.8,13.8,0.2,0.5,0.6,0.035,-1.1,0.0,-1.1,0.2
27,Trevor Ariza,SF,33.0,WAS,43.0,1465,13.0,2.5,14.5,8.4,15.5,1.7,0.7,18.2,1.1,0.8,1.9,0.062,-0.5,-0.9,-1.4,0.2
28,D.J. Augustin,PG,31.0,ORL,81.0,2269,15.7,1.9,7.8,4.8,26.9,1.1,0.1,17.2,5.0,1.9,6.9,0.146,1.1,-0.7,0.5,1.4
29,Deandre Ayton,C,20.0,PHO,71.0,2183,20.5,11.1,26.1,18.5,9.6,1.3,2.6,21.2,4.1,1.7,5.8,0.128,1.3,-1.1,0.2,1.2
30,Dwayne Bacon,SG,23.0,CHO,43.0,759,11.7,1.1,11.7,6.3,9.2,0.8,0.6,16.8,0.9,0.3,1.2,0.073,-2.1,-1.6,-3.7,-0.3
31,Marvin Bagley III,PF,19.0,SAC,62.0,1567,18.9,10.4,20.8,15.5,5.9,1.0,3.2,24.2,2.0,1.6,3.6,0.11,0.5,-1.5,-1.0,0.4
32,Ron Baker,SG,25.0,TOT,15.0,152,2.5,0.7,7.1,3.8,12.8,1.9,0.6,7.8,-0.2,0.1,-0.1,-0.034,-7.7,0.7,-7.0,-0.2
33,Ron Baker,SG,25.0,NYK,11.0,107,4.4,1.0,6.0,3.4,16.1,2.3,0.0,8.6,0.0,0.0,0.0,0.002,-7.7,1.1,-6.6,-0.1
34,Ron Baker,SG,25.0,WAS,4.0,45,-2.0,0.0,9.8,4.8,5.1,1.1,1.9,5.7,-0.1,0.0,-0.1,-0.12,-7.9,0.0,-7.9,-0.1
35,Wade Baldwin,PG,22.0,POR,16.0,94,1.3,2.3,14.4,8.5,16.6,0.5,1.7,23.3,-0.4,0.1,-0.3,-0.153,-8.4,-1.9,-10.3,-0.2
36,Lonzo Ball,PG,21.0,LAL,47.0,1423,11.7,4.0,14.0,9.1,23.8,2.3,1.1,16.9,-0.2,1.7,1.6,0.052,-1.6,1.3,-0.3,0.6
37,Mo Bamba,C,20.0,ORL,47.0,766,14.9,8.8,24.0,16.3,7.4,0.8,7.0,17.8,0.3,1.4,1.7,0.106,-2.8,1.4,-1.4,0.1
38,J.J. Barea,PG,34.0,DAL,38.0,752,16.3,1.9,11.6,6.8,47.5,1.4,0.1,28.1,0.4,0.6,1.0,0.064,1.2,-1.8,-0.6,0.3
39,Harrison Barnes,PF-SF,26.0,TOT,77.0,2533,12.8,2.4,12.7,7.5,6.7,0.9,0.4,20.9,2.0,1.6,3.6,0.068,-0.2,-1.2,-1.4,0.4
40,Harrison Barnes,PF,26.0,DAL,49.0,1584,13.1,2.4,11.5,7.0,6.3,1.0,0.6,23.7,0.8,1.1,1.9,0.059,0.0,-1.2,-1.2,0.3
41,Harrison Barnes,SF,26.0,SAC,28.0,949,12.3,2.2,14.8,8.4,7.5,0.8,0.2,16.3,1.1,0.5,1.7,0.084,-0.5,-1.2,-1.7,0.1
42,Will Barton,SF,28.0,DEN,43.0,1189,11.0,2.9,15.3,9.1,14.6,0.7,1.6,20.0,0.1,1.1,1.2,0.049,-1.1,-0.8,-1.8,0.0
43,Keita Bates-Diop,SF,23.0,MIN,30.0,503,9.6,3.4,14.4,8.8,4.6,1.7,2.4,14.1,0.0,0.4,0.3,0.032,-2.8,-0.6,-3.4,-0.2
44,Nicolas Batum,SF,30.0,CHO,75.0,2354,11.9,3.2,14.9,8.9,14.5,1.5,1.6,13.2,2.0,1.7,3.7,0.076,-0.7,0.4,-0.3,1.0
45,Jerryd Bayless,PG,30.0,MIN,34.0,657,8.5,1.8,8.4,5.0,24.6,1.3,0.3,17.6,-0.2,0.2,0.0,-0.003,-2.9,-1.7,-4.6,-0.4
46,Aron Baynes,C,32.0,BOS,51.0,821,14.0,11.4,19.8,15.6,9.3,0.7,3.7,15.2,1.3,1.1,2.4,0.139,-1.8,0.3,-1.5,0.1
47,Kent Bazemore,SG,29.0,ATL,67.0,1643,11.9,2.3,14.6,8.3,13.5,2.5,2.2,22.0,-0.7,1.4,0.7,0.021,-2.5,0.2,-2.3,-0.1
48,Bradley Beal,SG,25.0,WAS,82.0,3028,20.8,3.1,11.7,7.4,24.1,1.9,1.6,28.4,5.9,1.7,7.6,0.12,3.8,-0.8,2.9,3.7
50,Malik Beasley,SG,22.0,DEN,81.0,1879,14.2,2.0,9.5,5.8,7.5,1.4,0.5,18.7,2.9,1.6,4.5,0.115,0.8,-0.7,0.1,1.0
51,Michael Beasley,PF,30.0,LAL,26.0,277,15.9,4.9,17.2,11.2,14.8,1.5,3.0,29.5,-0.1,0.4,0.2,0.039,-1.9,0.5,-1.5,0.0
52,Marco Belinelli,SG,32.0,SAS,79.0,1815,11.9,1.0,10.8,5.9,10.1,0.9,0.4,19.8,1.4,1.1,2.5,0.065,-0.5,-1.2,-1.7,0.1
53,Jordan Bell,C,24.0,GSW,68.0,788,12.9,7.8,16.7,12.5,12.3,1.2,5.4,13.7,0.5,1.1,1.6,0.096,-2.2,1.3,-0.9,0.2
54,DeAndre' Bembry,SG,24.0,ATL,82.0,1931,10.8,2.9,16.9,9.7,14.7,2.5,1.8,17.2,-0.9,1.7,0.9,0.022,-3.3,0.8,-2.4,-0.2
55,Dragan Bender,PF,21.0,PHO,46.0,826,9.5,4.5,20.3,12.3,9.4,1.0,2.2,13.4,0.0,0.4,0.5,0.027,-3.4,-0.8,-4.1,-0.5
56,Dairis Bertāns,SG,29.0,NOP,12.0,167,2.0,1.3,4.3,2.8,7.2,0.3,0.0,12.0,-0.2,0.0,-0.2,-0.054,-5.6,-3.2,-8.8,-0.3
57,Dāvis Bertāns,PF,26.0,SAS,76.0,1632,13.0,1.6,16.0,8.8,8.2,1.0,1.7,14.1,2.6,1.5,4.0,0.118,1.1,0.2,1.3,1.4
58,Patrick Beverley,PG,30.0,LAC,78.0,2137,11.8,3.9,15.0,9.6,18.4,1.5,1.6,12.2,2.8,2.0,4.8,0.108,-0.3,1.2,0.9,1.5
59,Khem Birch,C,26.0,ORL,50.0,643,19.2,13.0,18.8,15.8,8.5,1.4,3.8,14.1,1.8,1.0,2.8,0.212,0.1,1.0,1.2,0.5
60,Bismack Biyombo,C,26.0,CHO,54.0,783,14.4,11.0,23.3,17.0,5.9,0.7,4.6,12.7,1.2,0.8,2.0,0.125,-2.4,0.0,-2.5,-0.1
61,Nemanja Bjelica,PF,30.0,SAC,77.0,1788,15.4,7.0,18.8,12.8,11.1,1.4,2.7,16.5,2.7,1.9,4.5,0.122,0.4,0.5,0.9,1.3
62,Antonio Blakeney,SG,22.0,CHI,57.0,829,10.6,0.9,13.1,6.9,8.2,0.7,0.9,24.5,-0.8,0.3,-0.5,-0.03,-2.4,-2.7,-5.2,-0.7
63,Eric Bledsoe,PG,29.0,MIL,78.0,2272,19.3,3.9,11.8,8.1,27.4,2.4,1.1,22.9,4.4,3.7,8.2,0.173,1.9,1.2,3.1,2.9
64,Jaron Blossomgame,SF,25.0,CLE,27.0,439,10.2,6.3,19.1,12.4,4.2,0.8,1.6,12.2,0.2,0.1,0.3,0.03,-1.9,-1.8,-3.8,-0.2
65,Bogdan Bogdanović,SG,26.0,SAC,70.0,1947,14.1,2.1,11.0,6.4,19.3,1.7,0.7,22.3,1.3,1.4,2.7,0.067,-0.1,-0.6,-0.6,0.7
66,Bojan Bogdanović,SF,29.0,IND,81.0,2573,16.1,1.5,12.7,7.2,9.5,1.3,0.0,22.4,3.9,2.8,6.8,0.126,1.3,-0.6,0.7,1.7
67,Andrew Bogut,C,34.0,GSW,11.0,134,13.4,10.0,32.8,21.9,10.6,1.1,5.0,14.5,0.1,0.2,0.3,0.111,-3.7,0.8,-2.9,0.0
68,Jonah Bolden,PF,23.0,PHI,44.0,639,12.7,8.0,19.0,13.7,8.5,1.3,4.8,13.8,0.5,0.9,1.4,0.106,-1.8,1.1,-0.7,0.2
69,Isaac Bonga,PG,19.0,LAL,22.0,120,6.0,7.9,13.5,10.8,14.9,3.5,2.7,15.7,-0.3,0.2,-0.1,-0.059,-7.0,2.2,-4.8,-0.1
71,Devin Booker,SG,22.0,PHO,64.0,2242,20.2,1.9,11.3,6.5,34.1,1.2,0.5,32.9,3.3,0.3,3.5,0.076,3.3,-2.3,1.0,1.7
72,Chris Boucher,PF,26.0,TOR,28.0,163,22.2,10.9,25.8,18.5,1.9,1.8,12.2,23.6,0.2,0.4,0.7,0.194,-0.2,2.8,2.6,0.2
73,Avery Bradley,SG,28.0,TOT,63.0,1905,7.6,2.5,7.3,4.9,11.8,1.0,0.7,16.2,-0.6,1.0,0.3,0.009,-2.8,-0.9,-3.7,-0.8
74,Avery Bradley,SG,28.0,LAC,49.0,1463,5.5,2.6,6.7,4.7,8.8,0.9,0.9,14.2,-1.0,0.6,-0.3,-0.011,-3.7,-0.9,-4.6,-1.0
75,Avery Bradley,SG,28.0,MEM,14.0,442,14.5,2.0,9.3,5.6,21.6,1.6,0.0,22.9,0.3,0.4,0.7,0.074,0.1,-1.0,-0.9,0.1
76,Tony Bradley,C,21.0,UTA,3.0,36,19.6,27.6,17.7,22.6,4.5,2.7,4.4,23.6,0.0,0.1,0.1,0.13,-3.6,-2.4,-6.0,0.0
77,Corey Brewer,SF,32.0,TOT,31.0,492,11.6,5.4,10.7,8.0,10.2,3.0,1.2,13.6,0.4,0.6,1.0,0.095,-2.9,1.6,-1.3,0.1
78,Corey Brewer,SF,32.0,PHI,7.0,140,10.8,3.1,9.6,6.4,10.0,4.0,1.1,18.8,-0.1,0.2,0.1,0.044,-5.1,1.5,-3.6,-0.1
79,Corey Brewer,SF,32.0,SAC,24.0,352,12.0,6.3,11.1,8.6,10.3,2.6,1.2,11.5,0.5,0.4,0.8,0.115,-2.0,1.6,-0.4,0.1
80,Mikal Bridges,SF,22.0,PHO,82.0,2417,10.8,2.5,9.7,6.0,9.8,2.5,1.3,12.2,1.7,1.2,2.9,0.058,-2.0,0.4,-1.6,0.3
81,Miles Bridges,SF,20.0,CHO,80.0,1696,13.1,4.2,16.6,10.3,8.1,1.6,2.5,15.1,1.4,1.5,2.9,0.083,-0.9,0.1,-0.8,0.5
82,Isaiah Briscoe,PG,22.0,ORL,39.0,559,6.7,0.9,13.4,7.1,21.0,1.0,0.3,14.1,-0.3,0.5,0.3,0.023,-5.4,0.4,-5.0,-0.4
83,Ryan Broekhoff,SG,28.0,DAL,42.0,453,10.7,1.9,12.9,7.4,7.2,0.6,0.8,14.3,0.5,0.3,0.8,0.086,-0.5,-0.5,-1.0,0.1
84,Malcolm Brogdon,SG,26.0,MIL,64.0,1832,17.8,3.8,11.7,8.0,16.2,1.2,0.6,20.7,4.2,2.3,6.5,0.171,2.0,0.1,2.2,1.9
85,Dillon Brooks,SF,23.0,MEM,18.0,330,7.6,3.0,7.6,5.3,7.6,1.5,1.1,20.9,-0.3,0.3,0.0,-0.004,-5.0,-1.2,-6.3,-0.4
86,MarShon Brooks,SG,30.0,MEM,29.0,387,11.6,3.4,9.7,6.5,11.0,1.2,1.0,23.6,-0.2,0.3,0.1,0.018,-1.9,-1.1,-3.0,-0.1
87,Bruce Brown,SG,22.0,DET,74.0,1449,6.9,3.5,10.7,7.0,8.8,1.4,2.1,11.5,-0.1,1.6,1.5,0.048,-4.4,1.0,-3.3,-0.5
88,Jaylen Brown,SG,22.0,BOS,74.0,1913,13.5,3.6,13.9,8.7,7.7,1.7,1.5,22.1,0.7,2.4,3.0,0.076,-1.6,-0.4,-2.1,0.0
89,Lorenzo Brown,PG,28.0,TOR,26.0,212,6.3,2.6,12.9,7.9,17.3,2.7,2.0,17.9,-0.5,0.3,-0.1,-0.027,-5.4,1.9,-3.5,-0.1
90,Sterling Brown,SG,23.0,MIL,58.0,1034,10.9,3.0,14.4,9.0,10.7,1.1,0.7,15.2,0.7,1.4,2.1,0.098,-1.8,0.3,-1.5,0.1
91,Troy Brown Jr.,SF,19.0,WAS,52.0,730,11.1,5.1,16.6,10.8,14.9,1.4,0.6,16.5,0.2,0.4,0.6,0.039,-1.7,-1.0,-2.7,-0.1
92,Jalen Brunson,PG,22.0,DAL,73.0,1591,12.8,1.7,9.6,5.7,22.6,1.1,0.2,19.1,1.5,1.0,2.6,0.077,-1.2,-0.5,-1.7,0.1
93,Thomas Bryant,C,21.0,WAS,72.0,1496,21.0,8.1,25.1,16.5,9.3,0.8,3.8,17.6,4.3,1.3,5.6,0.178,2.3,-0.3,2.0,1.5
94,Reggie Bullock,SG,27.0,TOT,63.0,1879,10.5,1.2,8.8,4.9,10.1,1.0,0.5,15.8,1.6,1.4,3.1,0.078,-0.7,-0.4,-1.1,0.4
95,Reggie Bullock,SG,27.0,DET,44.0,1355,11.0,1.6,8.6,5.0,12.0,0.9,0.3,16.7,1.4,1.0,2.4,0.084,-0.1,-0.5,-0.6,0.5
96,Reggie Bullock,SG,27.0,LAL,19.0,524,9.1,0.4,9.3,4.9,5.0,1.4,1.1,13.7,0.2,0.4,0.7,0.061,-2.1,-0.1,-2.2,0.0
98,Trey Burke,PG,26.0,TOT,58.0,1125,16.5,2.6,6.7,4.6,24.1,1.4,0.5,24.8,1.4,0.5,1.9,0.081,1.5,-1.4,0.1,0.6
99,Trey Burke,PG,26.0,NYK,33.0,689,15.6,2.2,7.3,4.7,23.6,1.5,0.6,26.1,0.4,0.2,0.6,0.044,0.9,-1.5,-0.6,0.2
100,Trey Burke,PG,26.0,DAL,25.0,436,17.9,3.2,5.9,4.5,24.7,1.3,0.4,22.8,1.0,0.3,1.3,0.14,2.3,-1.1,1.2,0.3
101,Alec Burks,SG,27.0,TOT,64.0,1375,12.7,2.3,17.0,9.4,13.7,1.4,1.3,19.0,0.7,0.8,1.5,0.052,-0.6,-0.7,-1.2,0.3
102,Alec Burks,SG,27.0,UTA,17.0,269,12.4,0.8,9.9,5.4,11.2,1.1,1.2,23.2,0.2,0.3,0.5,0.084,-0.4,-0.2,-0.6,0.1
103,Alec Burks,SG,27.0,CLE,34.0,979,13.2,2.8,19.0,10.6,15.0,1.3,1.4,19.2,0.6,0.3,0.9,0.042,-0.2,-1.2,-1.4,0.1
104,Alec Burks,SG,27.0,SAC,13.0,127,9.0,1.6,16.6,8.9,9.5,2.9,0.7,8.5,0.0,0.2,0.2,0.062,-3.9,2.8,-1.1,0.0
105,Deonte Burton,SG,25.0,OKC,32.0,240,7.0,1.7,10.7,6.0,5.0,1.2,2.8,16.3,-0.2,0.3,0.1,0.027,-4.9,0.6,-4.3,-0.1
106,Jimmy Butler,SF-SG,29.0,TOT,65.0,2185,20.2,6.0,10.5,8.3,18.0,2.7,1.4,22.3,5.4,2.5,7.9,0.173,2.8,0.9,3.7,3.2
107,Jimmy Butler,SG,29.0,MIN,10.0,361,22.3,4.7,10.8,7.7,18.2,3.2,2.4,23.0,1.0,0.4,1.3,0.176,4.7,2.2,6.9,0.8
108,Jimmy Butler,SF,29.0,PHI,55.0,1824,19.8,6.3,10.4,8.4,18.0,2.6,1.2,22.1,4.4,2.1,6.6,0.172,2.4,0.7,3.1,2.4
109,Bruno Caboclo,SF,23.0,MEM,34.0,800,12.4,5.8,16.5,11.1,9.4,0.9,3.9,15.9,0.6,0.9,1.5,0.09,-1.1,0.1,-1.1,0.2
110,José Calderón,PG,37.0,DET,49.0,632,7.1,1.8,8.8,5.2,24.9,1.2,0.4,10.9,0.0,0.5,0.6,0.043,-4.2,0.3,-3.9,-0.3
111,Kentavious Caldwell-Pope,SG,25.0,LAL,82.0,2035,12.9,2.5,9.4,6.0,7.5,1.7,0.5,18.1,2.3,1.8,4.0,0.095,-0.3,-0.1,-0.5,0.8
112,Isaiah Canaan,PG,27.0,TOT,30.0,629,8.0,1.0,9.2,5.1,18.2,1.1,0.3,14.2,0.0,0.1,0.1,0.008,-2.7,-1.4,-4.1,-0.3
113,Isaiah Canaan,PG,27.0,PHO,19.0,503,7.3,1.1,9.8,5.4,17.0,1.1,0.0,14.2,-0.1,0.0,-0.1,-0.007,-3.3,-1.4,-4.6,-0.3
114,Isaiah Canaan,PG,27.0,MIN,7.0,95,12.3,0.0,5.7,2.8,26.9,1.0,0.9,15.4,0.1,0.0,0.2,0.079,0.7,-2.0,-1.3,0.0
115,Isaiah Canaan,PG,27.0,MIL,4.0,31,5.2,3.5,9.3,6.6,11.6,0.0,2.7,10.8,0.0,0.0,0.0,0.03,-3.3,-0.7,-4.0,0.0
116,Clint Capela,C,24.0,HOU,67.0,2249,23.8,14.4,27.6,20.8,7.1,1.0,3.9,18.2,7.8,3.0,10.8,0.23,3.3,-0.3,3.0,2.8
117,DeMarre Carroll,PF,32.0,BRK,67.0,1703,12.1,4.2,17.3,10.8,7.2,0.9,0.5,18.6,1.5,1.6,3.1,0.088,-0.9,-0.6,-1.5,0.2
118,Jevon Carter,PG,23.0,MEM,39.0,577,7.8,2.7,10.3,6.4,17.4,2.2,1.8,18.0,-0.7,0.7,0.0,-0.003,-4.1,0.1,-4.0,-0.3
119,Vince Carter,PF,42.0,ATL,76.0,1330,11.8,2.4,13.2,7.7,9.3,1.5,1.8,16.7,1.2,0.7,1.9,0.07,-0.4,-0.3,-0.7,0.5
120,Wendell Carter Jr.,C,19.0,CHI,44.0,1110,15.2,8.4,21.8,15.0,10.7,1.1,4.5,19.1,0.7,1.2,1.9,0.08,-2.2,0.6,-1.6,0.1
121,Michael Carter-Williams,PG,27.0,TOT,28.0,372,14.7,5.4,15.0,10.1,26.5,2.6,3.4,19.4,0.2,0.6,0.8,0.099,-1.4,2.2,0.8,0.3
122,Michael Carter-Williams,PG,27.0,HOU,16.0,145,12.7,2.2,7.8,5.0,22.7,3.0,3.5,24.7,0.0,0.2,0.1,0.044,-2.8,1.2,-1.6,0.0
123,Michael Carter-Williams,PG,27.0,ORL,12.0,227,16.1,7.4,19.6,13.5,28.9,2.4,3.3,16.1,0.2,0.4,0.6,0.134,-0.5,2.9,2.4,0.3
124,Alex Caruso,PG,24.0,LAL,25.0,531,13.9,4.0,9.0,6.5,19.7,2.1,1.4,19.0,0.5,0.6,1.0,0.093,-1.0,0.7,-0.2,0.2
125,Omri Casspi,SF,30.0,MEM,36.0,520,15.7,3.6,21.5,12.4,8.1,1.9,1.6,18.0,0.6,0.7,1.3,0.119,-0.3,0.7,0.4,0.3
126,Willie Cauley-Stein,C,25.0,SAC,81.0,2213,18.0,8.2,23.7,15.8,12.3,2.0,2.0,17.5,3.8,2.9,6.7,0.146,0.2,1.1,1.2,1.8
127,Troy Caupain,PG,23.0,ORL,4.0,16,30.7,6.6,13.6,10.0,42.5,3.1,0.0,21.8,0.1,0.0,0.1,0.347,9.6,3.7,13.3,0.1
128,Tyler Cavanaugh,PF,24.0,UTA,11.0,39,5.0,8.5,13.6,11.1,3.4,0.0,0.0,13.0,0.0,0.0,0.0,0.026,-5.3,-3.1,-8.4,-0.1
129,Tyson Chandler,C,36.0,TOT,55.0,875,11.2,11.1,25.3,18.3,5.3,1.1,2.2,8.5,0.9,1.2,2.1,0.114,-2.9,0.8,-2.1,0.0
130,Tyson Chandler,C,36.0,PHO,7.0,89,11.5,8.6,40.5,24.3,9.1,1.1,0.9,13.0,0.1,0.1,0.2,0.092,-4.8,0.2,-4.6,-0.1
131,Tyson Chandler,C,36.0,LAL,48.0,786,11.2,11.4,23.6,17.6,4.8,1.1,2.3,8.0,0.9,1.1,1.9,0.117,-2.7,0.9,-1.8,0.0
133,Wilson Chandler,PF-SF,31.0,TOT,51.0,1177,8.5,4.4,14.6,9.7,9.1,1.0,1.4,11.8,0.5,1.0,1.5,0.062,-2.3,-0.5,-2.8,-0.2
134,Wilson Chandler,PF,31.0,PHI,36.0,951,9.1,5.0,13.4,9.4,9.9,1.1,1.5,11.2,0.6,0.9,1.5,0.074,-1.8,-0.2,-2.0,0.0
135,Wilson Chandler,SF,31.0,LAC,15.0,226,5.8,1.9,19.5,11.0,5.9,0.6,1.1,14.2,-0.1,0.2,0.0,0.009,-4.5,-1.6,-6.1,-0.2
136,Joe Chealey,PG,23.0,CHO,1.0,8,2.0,0.0,0.0,0.0,17.7,0.0,0.0,16.2,0.0,0.0,0.0,-0.08,-8.5,-6.0,-14.6,0.0
137,Chris Chiozza,PG,23.0,HOU,7.0,33,7.0,3.3,10.3,6.7,16.1,1.5,2.6,11.8,0.0,0.0,0.0,0.023,-2.7,1.4,-1.3,0.0
138,Marquese Chriss,PF,21.0,TOT,43.0,499,9.2,8.6,23.6,15.8,6.5,1.7,1.9,20.6,-0.6,0.4,-0.2,-0.023,-5.7,-1.9,-7.5,-0.7
139,Marquese Chriss,PF,21.0,HOU,16.0,104,3.4,7.3,22.8,14.9,8.2,0.9,3.3,20.5,-0.3,0.1,-0.2,-0.101,-9.6,-1.7,-11.2,-0.2
140,Marquese Chriss,PF,21.0,CLE,27.0,395,10.7,8.9,23.8,16.0,6.1,1.9,1.5,20.7,-0.3,0.2,0.0,-0.003,-4.6,-1.9,-6.6,-0.5
141,Gary Clark,PF,24.0,HOU,51.0,641,9.2,4.1,16.2,10.0,3.8,1.5,3.5,10.9,0.3,0.7,1.0,0.071,-1.1,0.4,-0.7,0.2
142,Ian Clark,SG,27.0,NOP,60.0,973,8.3,1.4,8.0,4.7,12.9,1.1,0.7,19.3,-0.4,0.3,-0.1,-0.003,-3.3,-1.8,-5.1,-0.8
143,Jordan Clarkson,SG,26.0,CLE,81.0,2214,16.8,3.9,9.9,6.8,15.6,1.3,0.5,27.6,1.9,-0.1,1.8,0.039,2.1,-2.6,-0.5,0.8
144,John Collins,PF,21.0,ATL,61.0,1829,21.8,12.3,22.1,17.1,11.0,0.6,1.8,23.7,5.0,1.0,6.0,0.158,2.8,-1.9,0.9,1.3
145,Zach Collins,C,21.0,POR,77.0,1356,13.5,8.8,16.5,12.7,7.1,0.9,3.9,16.6,1.4,1.5,2.9,0.104,-1.5,0.3,-1.2,0.3
146,Darren Collison,PG,31.0,IND,76.0,2143,16.7,1.9,9.9,6.0,29.9,2.5,0.4,17.7,3.9,2.9,6.8,0.153,0.8,1.0,1.8,2.1
147,Bonzie Colson,SF,23.0,MIL,8.0,98,12.9,8.8,21.5,15.5,4.0,2.4,0.9,19.6,0.0,0.2,0.2,0.085,-2.6,-0.8,-3.5,0.0
148,Mike Conley,PG,31.0,MEM,70.0,2342,21.4,1.9,9.7,5.7,33.4,2.0,0.9,27.3,5.7,2.3,8.0,0.164,4.6,0.1,4.7,3.9
149,Pat Connaughton,SG,26.0,MIL,61.0,1261,13.6,5.2,15.0,10.4,12.6,1.2,1.7,13.3,2.0,1.9,3.9,0.149,0.3,0.8,1.2,1.0
150,Quinn Cook,PG,25.0,GSW,74.0,1059,13.1,2.3,13.0,7.9,15.2,0.9,0.2,20.2,1.0,0.8,1.8,0.082,-0.5,-1.6,-2.1,0.0
151,DeMarcus Cousins,C,28.0,GSW,30.0,771,21.4,6.2,27.0,17.1,20.4,2.5,4.8,28.1,0.9,1.5,2.4,0.151,0.4,2.6,3.0,1.0
152,Robert Covington,SF,28.0,TOT,35.0,1203,13.3,2.5,14.6,8.5,5.2,2.9,3.2,15.6,0.9,1.6,2.5,0.1,-0.5,2.1,1.6,1.1
153,Robert Covington,SF,28.0,PHI,13.0,440,11.0,1.7,14.0,8.1,4.3,2.6,4.1,14.2,0.0,0.7,0.7,0.077,-1.7,2.2,0.5,0.3
154,Robert Covington,SF,28.0,MIN,22.0,763,14.7,2.9,14.9,8.8,5.8,3.1,2.7,16.5,0.9,0.9,1.8,0.114,0.1,2.1,2.2,0.8
155,Allen Crabbe,SG,26.0,BRK,43.0,1133,7.7,1.5,12.2,6.9,5.8,1.0,0.9,16.4,-0.2,1.0,0.8,0.035,-2.4,-0.4,-2.8,-0.2
156,Torrey Craig,SF,28.0,DEN,75.0,1503,10.4,6.4,12.6,9.5,6.3,1.2,2.7,12.4,1.4,1.7,3.0,0.096,-2.0,0.2,-1.9,0.0
157,Jamal Crawford,SG,38.0,PHO,64.0,1211,11.7,0.7,7.2,3.9,27.7,1.3,0.8,20.8,0.1,0.0,0.2,0.006,-1.1,-2.8,-3.9,-0.6
158,Mitch Creek,SF,26.0,TOT,5.0,48,20.2,13.2,13.1,13.2,18.6,2.0,0.0,17.6,0.1,0.0,0.2,0.196,2.4,1.1,3.5,0.1
159,Mitch Creek,SF,26.0,BRK,4.0,36,21.5,14.6,14.5,14.6,20.2,1.3,0.0,15.3,0.2,0.0,0.2,0.258,3.7,2.0,5.7,0.1
160,Mitch Creek,SF,26.0,MIN,1.0,12,16.3,8.8,9.0,8.9,13.6,4.0,0.0,24.5,0.0,0.0,0.0,0.011,-1.7,-1.3,-3.0,0.0
162,Jae Crowder,SF,28.0,UTA,80.0,2166,12.1,3.1,15.9,9.6,8.9,1.4,1.1,19.1,1.3,3.1,4.4,0.097,-0.3,0.6,0.3,1.2
163,Dante Cunningham,PF,31.0,SAS,64.0,928,10.2,5.7,16.3,11.0,6.8,1.4,1.2,8.9,1.0,0.9,1.9,0.097,-1.3,0.6,-0.6,0.3
164,Seth Curry,SG,28.0,POR,74.0,1399,11.4,2.1,6.9,4.6,6.5,1.2,0.7,16.6,1.5,0.9,2.4,0.082,-0.4,-0.7,-1.0,0.3
165,Stephen Curry,PG,30.0,GSW,69.0,2331,24.4,2.2,14.2,8.4,24.2,1.9,0.9,30.4,7.2,2.5,9.7,0.199,7.1,-0.5,6.6,5.1
166,Troy Daniels,SG,27.0,PHO,51.0,760,9.8,1.9,8.9,5.3,5.0,1.6,0.5,17.6,0.2,0.1,0.3,0.02,-1.7,-2.0,-3.7,-0.3
167,Anthony Davis,C,25.0,NOP,56.0,1850,30.3,9.9,27.5,18.8,19.0,2.2,6.0,29.5,6.4,3.1,9.5,0.247,7.1,2.3,9.4,5.3
168,Deyonta Davis,C,22.0,ATL,9.0,118,15.6,8.7,23.7,16.0,5.8,1.2,3.7,10.1,0.3,0.1,0.4,0.145,-1.5,-0.6,-2.0,0.0
169,Ed Davis,C,29.0,BRK,81.0,1446,17.3,15.8,34.6,25.2,6.0,1.2,1.8,12.7,3.3,2.5,5.7,0.191,-0.6,0.7,0.0,0.7
170,Tyler Davis,C,21.0,OKC,1.0,1,0.0,100.0,0.0,51.6,0.0,0.0,0.0,40.7,0.0,0.0,0.0,-0.471,-9.6,-31.1,-40.7,0.0
171,Dewayne Dedmon,C,29.0,ATL,64.0,1609,16.0,6.7,25.0,15.7,8.1,2.0,3.8,16.7,2.1,1.9,4.0,0.119,-0.3,0.8,0.5,1.0
172,Sam Dekker,PF,24.0,TOT,47.0,788,13.3,7.2,13.5,10.2,8.3,2.3,0.7,16.2,0.6,0.5,1.0,0.064,-1.0,-0.7,-1.8,0.1
173,Sam Dekker,PF,24.0,CLE,9.0,169,14.0,5.7,16.5,10.8,7.9,3.2,0.0,14.9,0.2,0.1,0.3,0.08,-0.9,-0.1,-1.1,0.0
174,Sam Dekker,PF,24.0,WAS,38.0,619,13.2,7.6,12.6,10.1,8.4,2.1,1.0,16.6,0.4,0.4,0.8,0.059,-1.0,-0.9,-1.9,0.0
175,Ángel Delgado,C,24.0,LAC,2.0,15,4.3,14.6,13.7,14.1,0.0,3.1,0.0,16.5,0.0,0.0,0.0,-0.055,-7.0,-5.0,-12.0,0.0
176,Matthew Dellavedova,PG,28.0,TOT,48.0,812,11.1,0.8,9.9,5.2,31.9,0.8,0.2,17.9,0.5,0.0,0.5,0.028,-1.7,-2.8,-4.4,-0.5
177,Matthew Dellavedova,PG,28.0,MIL,12.0,97,7.5,0.0,9.9,5.2,35.7,1.0,0.0,13.7,0.0,0.1,0.1,0.043,-3.5,-0.6,-4.1,-0.1
178,Matthew Dellavedova,PG,28.0,CLE,36.0,715,11.5,0.9,9.9,5.2,31.3,0.8,0.2,18.4,0.5,-0.1,0.4,0.026,-1.4,-3.0,-4.5,-0.4
179,Luol Deng,SF,33.0,MIN,22.0,392,14.6,5.4,14.6,10.0,6.5,1.8,1.7,15.8,0.5,0.3,0.8,0.101,0.2,-0.3,0.0,0.2
180,DeMar DeRozan,SG,29.0,SAS,77.0,2688,19.6,2.2,16.4,9.4,27.6,1.6,1.1,27.9,3.6,2.6,6.3,0.112,1.0,0.1,1.1,2.2
181,Marcus Derrickson,PF,22.0,GSW,11.0,67,19.4,13.3,7.6,10.4,2.2,0.0,1.3,24.4,0.2,0.0,0.2,0.155,2.6,-5.3,-2.7,0.0
182,Cheick Diallo,PF,22.0,NOP,64.0,896,17.5,8.8,29.3,19.2,5.1,1.5,3.0,16.0,1.4,1.2,2.6,0.14,-1.1,0.1,-0.9,0.2
183,Hamidou Diallo,SG,20.0,OKC,51.0,526,10.1,7.2,12.0,9.5,4.4,1.9,1.6,16.6,0.1,0.7,0.8,0.069,-4.4,0.2,-4.2,-0.3
184,Gorgui Dieng,C,29.0,MIN,76.0,1031,18.1,8.3,24.1,16.1,10.3,2.2,3.4,19.6,1.5,1.3,2.8,0.132,-0.3,0.9,0.6,0.7
185,Spencer Dinwiddie,PG,25.0,BRK,68.0,1914,16.3,1.4,7.6,4.6,25.6,1.0,0.7,24.9,3.5,1.4,4.8,0.121,1.4,-0.8,0.6,1.3
187,Donte DiVincenzo,SG,22.0,MIL,27.0,411,9.1,4.2,11.4,8.0,9.7,1.5,1.2,15.1,0.0,0.6,0.6,0.069,-2.8,0.6,-2.2,0.0
188,Luka Dončić,SG,19.0,DAL,72.0,2318,19.6,4.0,21.9,13.0,31.6,1.6,0.9,30.5,2.1,2.8,4.9,0.101,3.6,0.3,3.9,3.4
189,Tyler Dorsey,SG,22.0,TOT,48.0,698,11.2,4.2,13.7,8.9,12.4,1.0,0.3,19.7,0.2,0.4,0.6,0.043,-1.4,-2.1,-3.5,-0.3
190,Tyler Dorsey,SG,22.0,ATL,27.0,251,7.8,3.7,14.6,9.0,9.3,1.3,0.3,17.9,-0.2,0.1,-0.1,-0.01,-3.4,-1.5,-4.9,-0.2
191,Tyler Dorsey,SG,22.0,MEM,21.0,447,13.1,4.4,13.3,8.8,14.2,0.8,0.2,20.7,0.4,0.3,0.7,0.073,-0.3,-2.4,-2.7,-0.1
192,Damyean Dotson,SG,24.0,NYK,73.0,2004,10.8,1.7,12.2,6.8,10.4,1.4,0.4,17.3,0.7,0.9,1.5,0.037,-1.7,-0.9,-2.6,-0.3
193,PJ Dozier,SG,22.0,BOS,6.0,51,16.0,12.5,23.1,17.8,13.7,1.9,0.0,18.5,0.1,0.1,0.1,0.125,-1.3,-0.6,-2.0,0.0
194,Goran Dragić,PG,32.0,MIA,36.0,991,13.9,2.1,9.8,6.0,27.3,1.5,0.5,23.7,0.6,1.0,1.6,0.079,-0.5,-0.6,-1.1,0.2
195,Andre Drummond,C,25.0,DET,79.0,2647,23.4,16.8,34.7,25.4,7.2,2.5,4.4,22.9,4.1,5.9,10.0,0.181,1.3,0.8,2.1,2.7
196,Jared Dudley,PF,33.0,BRK,59.0,1220,7.8,2.9,10.4,6.7,9.2,1.4,1.0,10.4,0.6,1.2,1.8,0.07,-2.9,1.1,-1.8,0.1
197,Kris Dunn,PG,24.0,CHI,46.0,1389,12.4,1.5,13.3,7.3,30.0,2.4,1.3,20.1,-0.5,1.2,0.6,0.022,-2.8,0.2,-2.7,-0.2
198,Kevin Durant,SF,30.0,GSW,78.0,2702,24.2,1.4,17.5,9.8,26.2,1.0,2.6,29.0,8.6,2.9,11.5,0.204,5.4,0.1,5.5,5.1
199,Trevon Duval,PG,20.0,MIL,3.0,6,38.3,0.0,16.0,8.5,59.0,0.0,0.0,20.9,0.1,0.0,0.1,0.537,19.1,5.3,24.4,0.0
200,Vince Edwards,SF,22.0,HOU,2.0,16,3.8,6.8,7.1,6.9,0.0,0.0,0.0,10.9,0.0,0.0,0.0,-0.014,-1.6,-4.8,-6.4,0.0
201,Henry Ellenson,PF,22.0,TOT,19.0,259,13.1,2.0,25.5,13.4,9.6,1.3,0.7,19.0,0.2,0.2,0.4,0.077,-1.0,-0.5,-1.5,0.0
202,Henry Ellenson,PF,22.0,DET,2.0,25,14.8,0.0,40.9,19.7,6.2,0.0,0.0,18.8,0.0,0.0,0.1,0.149,2.1,0.2,2.2,0.0
203,Henry Ellenson,PF,22.0,NYK,17.0,234,12.9,2.2,23.8,12.7,10.0,1.4,0.7,19.0,0.1,0.2,0.3,0.07,-1.4,-0.5,-1.9,0.0
204,Wayne Ellington,SG,31.0,TOT,53.0,1297,11.8,1.1,7.9,4.5,8.3,2.0,0.4,17.2,1.3,1.4,2.6,0.097,-0.3,0.3,0.0,0.7
205,Wayne Ellington,SG,31.0,MIA,25.0,533,10.8,1.2,8.2,4.7,7.8,2.2,0.5,16.5,0.4,0.6,1.0,0.091,-0.7,0.9,0.2,0.3
206,Wayne Ellington,SG,31.0,DET,28.0,764,12.5,1.1,7.7,4.3,8.6,1.9,0.3,17.7,0.9,0.7,1.6,0.102,0.0,-0.1,-0.1,0.4
207,Joel Embiid,C,24.0,PHI,64.0,2154,26.1,8.1,34.0,21.4,18.4,1.0,4.4,33.3,4.9,3.8,8.7,0.194,4.0,0.9,4.9,3.8
208,James Ennis,SF,28.0,TOT,58.0,1230,11.0,5.3,10.9,8.1,4.7,1.6,1.6,12.7,1.6,1.0,2.6,0.103,-1.4,-0.2,-1.5,0.1
209,James Ennis,SF,28.0,HOU,40.0,949,11.3,4.2,9.5,6.8,4.1,2.0,1.4,11.9,1.4,0.8,2.2,0.112,-1.0,0.1,-0.9,0.3
210,James Ennis,SF,28.0,PHI,18.0,281,9.9,8.9,15.4,12.2,6.7,0.5,2.0,15.5,0.2,0.2,0.4,0.071,-2.6,-1.1,-3.7,-0.1
211,Drew Eubanks,PF,21.0,SAS,23.0,113,15.1,5.8,26.8,16.4,8.3,0.9,3.7,15.5,0.1,0.2,0.3,0.12,-1.9,0.7,-1.3,0.0
212,Jacob Evans,SG,21.0,GSW,30.0,204,3.5,3.3,9.5,6.5,13.7,1.2,1.2,13.5,-0.3,0.2,-0.1,-0.03,-6.9,-1.2,-8.2,-0.3
213,Jawun Evans,PG,22.0,TOT,8.0,65,0.1,1.7,19.0,10.2,19.7,2.2,0.0,13.2,-0.2,0.0,-0.2,-0.151,-10.4,0.1,-10.3,-0.1
214,Jawun Evans,PG,22.0,PHO,7.0,64,0.7,1.7,19.3,10.4,20.0,2.2,0.0,12.7,-0.2,0.0,-0.2,-0.139,-9.8,0.5,-9.2,-0.1
215,Jawun Evans,PG,22.0,OKC,1.0,1,-38.1,0.0,0.0,0.0,0.0,0.0,0.0,40.7,0.0,0.0,0.0,-0.946,-52.4,-29.1,-81.4,0.0
216,Tyreke Evans,SG,29.0,IND,69.0,1402,11.5,2.7,13.0,7.9,17.5,2.0,1.1,26.4,-1.7,2.0,0.3,0.01,-2.4,-0.3,-2.7,-0.2
218,Dante Exum,PG,23.0,UTA,42.0,664,11.2,2.7,8.3,5.5,24.1,1.0,0.6,21.3,0.2,0.7,1.0,0.069,-2.0,-0.1,-2.1,0.0
219,Kenneth Faried,C,29.0,TOT,37.0,728,21.6,14.4,23.4,18.8,4.6,1.1,2.7,20.3,2.1,0.9,2.9,0.193,1.3,-1.5,-0.2,0.3
220,Kenneth Faried,C,29.0,BRK,12.0,118,20.5,13.4,25.7,19.6,2.8,0.8,2.7,19.6,0.2,0.2,0.4,0.168,1.5,-1.1,0.4,0.1
221,Kenneth Faried,C,29.0,HOU,25.0,610,21.8,14.6,23.0,18.7,4.9,1.2,2.6,20.4,1.8,0.7,2.5,0.198,1.3,-1.6,-0.4,0.3
222,Derrick Favors,C,27.0,UTA,76.0,1766,21.8,12.9,21.3,17.2,8.0,1.5,4.8,19.4,4.4,3.5,7.9,0.215,1.8,1.5,3.3,2.4
223,Cristiano Felício,C,26.0,CHI,60.0,746,13.4,11.4,20.5,15.9,7.2,0.7,0.8,14.3,0.9,0.4,1.4,0.088,-2.0,-2.1,-4.1,-0.4
224,Raymond Felton,PG,34.0,OKC,33.0,379,11.2,1.1,8.4,4.6,18.7,1.2,1.3,16.6,0.3,0.4,0.7,0.087,-1.7,0.4,-1.3,0.1
225,Terrance Ferguson,SG,20.0,OKC,74.0,1931,6.4,1.7,6.0,3.8,4.8,1.0,0.7,10.6,1.2,1.6,2.8,0.07,-3.9,0.1,-3.8,-0.9
226,Yogi Ferrell,PG,25.0,SAC,71.0,1067,12.7,1.2,9.5,5.3,17.0,1.6,0.3,16.3,1.3,0.6,1.9,0.087,-1.0,-0.4,-1.4,0.2
227,Dorian Finney-Smith,SF,25.0,DAL,81.0,1985,11.0,7.5,13.4,10.5,6.9,1.7,1.5,14.0,1.2,2.0,3.3,0.079,-1.8,0.4,-1.4,0.3
228,Bryn Forbes,SG,25.0,SAS,82.0,2293,12.0,0.9,10.4,5.7,10.6,1.0,0.1,17.4,2.5,1.3,3.8,0.079,-0.3,-0.9,-1.2,0.5
229,Evan Fournier,SG,26.0,ORL,81.0,2553,12.3,1.6,9.4,5.4,17.6,1.4,0.4,22.1,0.8,2.5,3.2,0.061,-1.8,-0.6,-2.4,-0.3
230,De'Aaron Fox,PG,21.0,SAC,81.0,2546,18.1,1.7,10.8,6.2,33.2,2.4,1.5,24.5,3.2,2.5,5.6,0.106,1.3,0.2,1.5,2.3
231,Melvin Frazier,SG,22.0,ORL,10.0,44,1.2,7.2,4.9,6.1,3.3,1.1,0.0,23.5,-0.2,0.0,-0.1,-0.133,-11.3,-3.2,-14.5,-0.1
232,Tim Frazier,PG,28.0,TOT,59.0,1120,11.7,3.9,11.5,7.7,27.6,1.2,0.4,13.3,1.3,0.7,2.0,0.084,-1.4,-0.4,-1.8,0.1
233,Tim Frazier,PG,28.0,NOP,47.0,909,11.6,3.7,11.8,7.8,28.0,1.3,0.4,12.3,1.1,0.4,1.5,0.081,-1.2,-0.2,-1.3,0.2
234,Tim Frazier,PG,28.0,MIL,12.0,211,11.8,4.6,10.0,7.5,26.0,1.1,0.4,17.4,0.2,0.3,0.4,0.097,-2.4,-1.2,-3.6,-0.1
235,Jimmer Fredette,SG,29.0,PHO,6.0,65,3.6,1.7,10.4,6.0,17.5,2.2,0.0,24.2,-0.2,0.0,-0.2,-0.166,-8.4,-2.9,-11.3,-0.2
236,Channing Frye,C,35.0,CLE,36.0,341,8.9,1.2,16.4,8.5,8.6,0.9,1.3,17.5,0.1,0.0,0.1,0.016,-1.7,-1.8,-3.5,-0.1
237,Markelle Fultz,SG,20.0,PHI,19.0,427,10.5,6.6,10.6,8.7,19.5,1.9,0.9,19.3,-0.1,0.4,0.3,0.035,-3.3,0.2,-3.1,-0.1
238,Danilo Gallinari,SF,30.0,LAC,68.0,2059,21.0,2.9,18.1,10.7,13.2,1.1,0.9,23.8,6.4,1.8,8.2,0.191,4.9,-0.5,4.3,3.3
239,Langston Galloway,SG,27.0,DET,80.0,1745,10.7,3.0,7.9,5.4,7.3,1.0,0.4,16.1,2.1,1.3,3.4,0.094,-0.9,-0.6,-1.5,0.2
240,Billy Garrett,SG,24.0,NYK,4.0,63,9.8,0.0,5.1,2.5,18.0,0.8,1.3,20.9,0.0,0.0,0.0,-0.019,-3.9,-1.7,-5.5,-0.1
241,Marc Gasol,C,34.0,TOT,79.0,2436,16.7,3.6,25.1,14.3,22.2,1.7,3.2,20.7,2.0,4.0,6.0,0.118,0.8,2.3,3.1,3.1
242,Marc Gasol,C,34.0,MEM,53.0,1788,16.9,3.5,25.5,14.3,22.6,1.7,3.3,22.3,1.0,2.8,3.9,0.104,1.1,2.1,3.2,2.3
243,Marc Gasol,C,34.0,TOR,26.0,648,16.0,4.1,24.0,14.3,21.2,1.8,2.9,16.3,0.9,1.2,2.1,0.157,0.1,2.8,2.9,0.8
245,Pau Gasol,C,38.0,TOT,30.0,360,16.7,6.7,34.2,20.6,19.1,0.7,3.5,15.6,0.5,0.5,1.1,0.142,1.0,2.1,3.1,0.5
246,Pau Gasol,C,38.0,SAS,27.0,330,18.0,7.3,34.4,21.0,20.2,0.7,3.6,15.8,0.6,0.5,1.1,0.16,1.6,2.3,3.9,0.5
247,Pau Gasol,C,38.0,MIL,3.0,30,1.7,0.0,31.9,16.9,7.7,0.0,2.8,12.4,-0.1,0.1,0.0,-0.063,-5.3,0.6,-4.7,0.0
248,Rudy Gay,PF,32.0,SAS,69.0,1842,17.5,3.8,23.9,13.9,14.7,1.4,1.6,22.1,2.2,2.2,4.4,0.115,0.8,0.6,1.4,1.6
249,Paul George,SF,28.0,OKC,77.0,2841,23.3,3.7,19.6,11.4,17.7,2.8,1.0,29.5,7.0,4.9,11.9,0.201,5.6,1.6,7.2,6.6
250,Taj Gibson,PF,33.0,MIN,70.0,1686,17.8,10.8,18.3,14.5,7.3,1.5,2.0,17.2,3.7,1.4,5.1,0.144,0.3,-0.4,-0.1,0.8
251,Harry Giles,PF,20.0,SAC,58.0,820,14.4,8.1,20.1,14.0,15.2,1.8,2.3,23.2,0.0,1.0,1.0,0.056,-3.4,0.4,-3.0,-0.2
252,Shai Gilgeous-Alexander,PG,20.0,LAC,82.0,2174,13.4,2.9,8.3,5.7,17.8,2.1,1.6,18.3,1.5,1.9,3.3,0.074,-0.9,0.4,-0.5,0.8
253,Rudy Gobert,C,26.0,UTA,81.0,2577,24.6,13.2,30.2,21.9,9.6,1.2,5.8,17.8,8.7,5.7,14.4,0.268,3.0,2.5,5.4,4.8
254,Brandon Goodwin,PG,23.0,DEN,16.0,57,8.3,1.9,3.8,2.8,32.1,0.0,0.0,23.1,0.0,0.0,0.0,0.021,-4.7,-4.8,-9.5,-0.1
255,Aaron Gordon,PF,23.0,ORL,78.0,2633,15.1,5.2,18.4,11.7,16.6,1.1,1.8,21.8,1.8,3.3,5.1,0.093,0.3,0.3,0.6,1.7
256,Eric Gordon,SG,30.0,HOU,68.0,2158,12.2,0.9,6.9,3.8,9.4,0.9,1.1,22.0,1.7,1.0,2.6,0.059,0.5,-1.8,-1.3,0.4
257,Marcin Gortat,C,34.0,LAC,47.0,751,12.8,9.8,26.5,18.4,12.0,0.4,2.5,14.4,0.6,0.8,1.4,0.089,-1.7,0.4,-1.3,0.1
258,Devonte' Graham,PG,23.0,CHO,46.0,676,10.3,1.6,8.6,5.0,24.8,1.7,0.3,17.0,0.2,0.3,0.5,0.035,-2.6,-1.3,-4.0,-0.3
259,Treveon Graham,SG,25.0,BRK,35.0,715,6.1,3.4,12.3,7.9,6.5,0.9,0.8,12.8,-0.1,0.6,0.5,0.033,-3.7,0.0,-3.7,-0.3
260,Jerami Grant,PF,24.0,OKC,80.0,2612,13.8,3.7,13.1,8.2,4.2,1.1,3.2,15.4,4.0,3.3,7.3,0.134,-0.4,0.6,0.2,1.5
261,Jerian Grant,PG,26.0,ORL,60.0,939,10.8,2.1,9.1,5.6,22.4,2.3,0.5,13.4,0.5,1.1,1.7,0.085,-2.9,1.3,-1.6,0.1
262,Donte Grantham,SF,23.0,OKC,3.0,2,-38.1,0.0,0.0,0.0,0.0,0.0,0.0,40.7,0.0,0.0,0.0,-0.946,-23.6,-14.0,-37.6,0.0
263,Danny Green,SG,31.0,TOR,80.0,2216,13.0,3.0,12.2,7.7,7.7,1.6,2.0,14.1,3.0,2.9,5.9,0.128,1.1,0.8,2.0,2.2
264,Draymond Green,PF,28.0,GSW,66.0,2065,12.9,3.2,20.8,12.4,26.8,2.2,2.8,13.1,1.1,3.2,4.3,0.1,-1.3,2.7,1.4,1.8
265,Gerald Green,SG,33.0,HOU,73.0,1473,11.4,2.2,11.7,6.8,4.1,1.1,1.6,19.5,0.9,1.0,1.9,0.061,-0.2,-1.5,-1.7,0.1
266,JaMychal Green,PF,28.0,TOT,65.0,1371,14.7,8.3,24.3,16.4,5.8,1.6,2.3,19.4,0.9,1.9,2.9,0.101,-1.3,-0.4,-1.7,0.1
267,JaMychal Green,PF,28.0,MEM,41.0,900,14.9,8.8,22.8,15.7,6.5,1.8,2.7,20.4,0.4,1.4,1.8,0.094,-1.8,0.0,-1.8,0.1
268,JaMychal Green,PF,28.0,LAC,24.0,471,14.3,7.4,27.3,17.7,4.3,1.2,1.3,17.6,0.5,0.6,1.1,0.113,-0.3,-1.2,-1.5,0.1
270,Jeff Green,PF,32.0,WAS,77.0,2097,13.6,2.9,13.3,8.0,9.2,1.0,1.6,17.8,2.8,0.8,3.6,0.083,0.0,-1.4,-1.4,0.3
271,Blake Griffin,PF,29.0,DET,75.0,2622,21.0,4.0,20.1,11.8,27.1,1.0,0.9,30.2,5.1,2.9,8.0,0.147,4.9,0.2,5.1,4.7
272,Daniel Hamilton,SG,23.0,ATL,19.0,204,7.1,5.0,19.5,12.1,14.5,1.4,0.4,15.7,-0.2,0.1,-0.1,-0.024,-3.6,-0.5,-4.1,-0.1
273,Dusty Hannahs,SG,25.0,MEM,2.0,26,4.5,0.0,4.4,2.2,28.8,1.9,0.0,23.9,-0.1,0.0,-0.1,-0.125,-6.5,-3.2,-9.7,-0.1
274,Tim Hardaway Jr.,SG,26.0,TOT,65.0,2057,13.6,1.7,9.8,5.7,12.8,1.3,0.3,25.4,1.0,0.9,1.8,0.043,-0.1,-2.0,-2.0,0.0
275,Tim Hardaway Jr.,SG,26.0,NYK,46.0,1499,14.4,1.8,9.7,5.6,13.5,1.4,0.3,25.9,1.0,0.5,1.5,0.048,0.4,-1.9,-1.6,0.2
276,Tim Hardaway Jr.,SG,26.0,DAL,19.0,558,11.6,1.4,10.3,5.9,10.9,1.0,0.3,23.9,0.0,0.4,0.4,0.03,-1.2,-2.0,-3.2,-0.2
277,James Harden,PG,29.0,HOU,78.0,2867,30.6,2.5,17.8,10.0,39.5,2.7,1.7,40.5,11.4,3.8,15.2,0.254,9.4,1.6,11.0,9.3
278,Maurice Harkless,SF,25.0,POR,60.0,1415,13.2,5.9,14.1,10.1,7.1,2.3,3.0,13.9,1.5,1.9,3.4,0.114,-1.0,1.7,0.7,1.0
279,Montrezl Harrell,C,25.0,LAC,82.0,2158,23.4,9.3,16.7,13.1,12.5,1.6,4.0,23.5,6.1,2.6,8.7,0.193,2.6,0.7,3.3,2.9
280,Devin Harris,PG,35.0,DAL,68.0,1071,10.7,1.2,9.9,5.6,16.7,1.6,1.3,18.5,0.6,0.9,1.5,0.068,-2.6,0.4,-2.2,-0.1
281,Gary Harris,SG,24.0,DEN,57.0,1639,12.2,2.7,7.9,5.3,11.0,1.6,1.0,20.0,1.1,1.5,2.6,0.076,-1.2,-0.4,-1.6,0.2
282,Joe Harris,SG,27.0,BRK,76.0,2293,13.5,2.4,10.9,6.7,11.9,0.8,0.6,17.0,3.8,1.7,5.5,0.116,0.8,-0.3,0.5,1.4
283,Tobias Harris,PF,26.0,TOT,82.0,2847,17.2,2.6,20.8,12.0,12.5,0.8,1.0,22.8,4.5,2.6,7.1,0.12,2.1,-0.5,1.6,2.6
284,Tobias Harris,PF,26.0,LAC,55.0,1903,18.2,2.1,21.3,12.0,12.5,1.0,1.0,23.5,3.2,1.8,5.0,0.127,2.7,-0.2,2.4,2.1
285,Tobias Harris,PF,26.0,PHI,27.0,944,15.3,3.7,19.7,11.9,12.6,0.6,1.1,21.3,1.2,0.9,2.1,0.105,0.9,-1.0,-0.1,0.5
286,Andrew Harrison,PG,24.0,TOT,17.0,187,5.8,3.4,8.5,5.8,17.1,1.1,0.9,16.8,-0.1,0.0,-0.1,-0.027,-5.8,-1.2,-7.1,-0.2
287,Andrew Harrison,PG,24.0,MEM,1.0,5,4.6,0.0,0.0,0.0,0.0,0.0,0.0,17.9,0.0,0.0,0.0,-0.013,-11.2,-4.2,-15.4,0.0
288,Andrew Harrison,PG,24.0,CLE,10.0,144,6.6,3.0,8.9,5.8,16.3,1.4,1.2,17.0,-0.1,0.0,-0.1,-0.022,-5.6,-0.6,-6.2,-0.2
289,Andrew Harrison,PG,24.0,NOP,6.0,38,3.1,5.5,8.1,6.8,22.3,0.0,0.0,16.1,0.0,0.0,0.0,-0.051,-6.0,-3.2,-9.2,-0.1
290,Shaquille Harrison,SG,25.0,CHI,73.0,1430,12.4,2.5,14.5,8.4,14.1,3.0,1.8,16.5,-0.1,1.6,1.4,0.048,-2.8,1.5,-1.3,0.2
291,Josh Hart,SG,23.0,LAL,67.0,1715,9.3,2.2,12.6,7.5,7.0,1.7,1.9,13.5,0.2,1.9,2.1,0.059,-2.3,1.0,-1.3,0.3
292,Isaiah Hartenstein,PF,20.0,HOU,28.0,221,10.0,10.3,13.3,11.8,9.4,1.6,4.6,11.8,0.2,0.3,0.5,0.101,-5.1,1.2,-3.9,-0.1
293,Udonis Haslem,C,38.0,MIA,10.0,74,3.6,4.3,34.5,19.4,4.0,0.0,0.0,21.9,-0.2,0.1,-0.1,-0.075,-8.4,-2.4,-10.9,-0.2
294,Gordon Hayward,PF,28.0,BOS,72.0,1863,15.6,2.9,15.5,9.2,18.4,1.6,1.1,19.0,2.6,2.3,4.9,0.126,0.4,0.4,0.8,1.3
295,John Henson,C,28.0,MIL,14.0,188,17.1,9.2,28.0,19.2,10.1,1.7,4.9,18.6,0.1,0.4,0.6,0.146,0.4,2.1,2.5,0.2
296,Juan Hernangómez,PF,23.0,DEN,70.0,1358,11.0,5.1,16.1,10.6,5.3,1.0,1.6,12.2,1.6,1.4,3.0,0.105,-0.9,-0.2,-1.1,0.3
298,Willy Hernangómez,C,24.0,CHO,58.0,812,20.4,15.3,26.3,20.7,11.5,1.0,2.1,22.1,1.8,0.8,2.6,0.153,1.1,-1.1,-0.1,0.4
299,Mario Hezonja,SF,23.0,NYK,58.0,1206,10.8,2.4,18.7,10.4,11.5,2.3,0.6,21.3,-1.1,1.1,-0.1,-0.003,-3.5,-0.3,-3.8,-0.5
300,Isaiah Hicks,PF,24.0,NYK,3.0,32,17.4,6.4,16.7,11.4,9.4,1.5,7.9,15.0,0.1,0.0,0.1,0.153,-2.1,2.2,0.1,0.0
301,Buddy Hield,SG,26.0,SAC,82.0,2615,17.5,4.1,12.4,8.1,11.9,1.0,1.1,25.1,4.3,1.6,5.9,0.108,3.5,-1.4,2.1,2.7
302,Haywood Highsmith,SF,22.0,PHI,5.0,40,4.5,0.0,12.9,6.6,6.6,1.2,0.0,12.4,0.0,0.0,0.0,-0.023,-5.8,-2.4,-8.2,-0.1
303,Nenê,C,36.0,HOU,42.0,546,11.9,6.7,18.4,12.5,6.8,1.6,2.3,11.7,0.8,0.6,1.4,0.123,-3.1,0.9,-2.2,0.0
304,George Hill,PG,32.0,TOT,60.0,1302,12.1,3.2,8.3,5.9,14.0,1.9,0.5,15.1,1.5,1.3,2.8,0.103,-1.9,0.5,-1.4,0.2
305,George Hill,PG,32.0,CLE,13.0,344,13.5,3.7,5.1,4.4,16.2,1.7,0.3,17.3,0.5,0.0,0.5,0.066,-0.7,-1.2,-2.0,0.0
306,George Hill,PG,32.0,MIL,47.0,958,11.6,3.0,9.4,6.4,13.3,1.9,0.6,14.4,1.0,1.4,2.3,0.117,-2.3,1.1,-1.2,0.2
307,Solomon Hill,SF,27.0,NOP,44.0,878,6.8,4.1,11.5,7.8,7.6,1.2,0.9,10.4,0.1,0.4,0.5,0.029,-3.1,-0.4,-3.6,-0.3
308,Aaron Holiday,PG,22.0,IND,50.0,646,11.9,0.9,10.4,5.8,19.3,1.6,1.8,21.9,0.1,0.8,0.9,0.065,-1.7,0.1,-1.6,0.1
309,Jrue Holiday,SG,28.0,NOP,67.0,2402,19.4,3.3,11.0,7.2,31.8,2.1,1.8,25.4,3.5,1.9,5.4,0.108,3.1,-0.1,3.0,3.1
310,Justin Holiday,SG,29.0,TOT,82.0,2607,10.0,1.9,11.9,6.8,8.1,2.3,1.2,15.7,-0.4,2.5,2.1,0.038,-2.3,0.5,-1.8,0.1
311,Justin Holiday,SG,29.0,CHI,38.0,1325,11.0,1.5,12.4,6.9,9.1,2.5,1.4,15.2,0.2,1.1,1.3,0.047,-1.3,1.1,-0.3,0.6
312,Justin Holiday,SG,29.0,MEM,44.0,1282,8.9,2.3,11.3,6.7,7.1,2.1,1.1,16.3,-0.6,1.4,0.8,0.029,-3.3,-0.1,-3.4,-0.5
313,John Holland,SF,30.0,CLE,1.0,1,0.0,0.0,0.0,0.0,0.0,0.0,0.0,0.0,0.0,0.0,0.0,-0.032,-3.4,-1.6,-5.0,0.0
314,Rondae Hollis-Jefferson,SF,24.0,BRK,59.0,1234,12.5,7.1,19.2,13.2,11.7,1.7,1.7,21.6,-0.5,1.7,1.2,0.047,-3.0,0.4,-2.6,-0.2
315,Richaun Holmes,C,25.0,PHO,70.0,1184,20.7,10.6,20.5,15.5,7.9,1.7,5.6,17.9,3.1,1.1,4.3,0.173,0.1,0.5,0.6,0.8
316,Rodney Hood,SG,26.0,TOT,72.0,1893,12.3,1.4,7.9,4.6,10.0,1.5,0.5,18.1,2.1,0.5,2.6,0.065,-1.2,-0.8,-2.0,0.0
317,Rodney Hood,SG,26.0,CLE,45.0,1234,13.0,1.6,8.8,5.0,11.5,1.5,0.4,19.1,1.5,0.0,1.5,0.059,-1.0,-1.1,-2.1,0.0
318,Rodney Hood,SG,26.0,POR,27.0,659,10.9,1.2,6.0,3.6,7.1,1.5,0.9,16.3,0.6,0.5,1.1,0.077,-1.7,-0.3,-2.0,0.0
319,Al Horford,C,32.0,BOS,68.0,1973,20.2,6.5,18.3,12.4,21.2,1.4,3.9,18.9,4.5,2.9,7.5,0.181,3.3,1.9,5.1,3.6
320,Danuel House,SF,25.0,HOU,39.0,979,12.2,2.8,13.3,7.9,5.9,1.1,1.0,14.1,1.6,0.7,2.3,0.113,0.1,-0.5,-0.5,0.4
321,Dwight Howard,C,33.0,WAS,9.0,230,17.4,11.1,28.3,19.6,2.6,1.4,1.5,19.6,0.4,0.2,0.6,0.124,-1.3,-1.7,-3.0,-0.1
322,Kevin Huerter,SG,20.0,ATL,75.0,2048,10.1,3.0,9.7,6.3,14.5,1.5,1.1,15.7,0.7,0.7,1.5,0.034,-1.6,-0.8,-2.4,-0.2
323,Isaac Humphries,C,21.0,ATL,5.0,56,3.4,7.4,13.4,10.3,0.0,0.8,0.0,15.2,-0.1,0.0,-0.1,-0.047,-6.2,-4.7,-11.0,-0.1
325,R.J. Hunter,SG,25.0,BOS,1.0,26,21.5,4.1,8.2,6.2,18.0,1.9,0.0,23.0,0.1,0.0,0.1,0.226,3.2,0.4,3.6,0.0
326,Chandler Hutchison,SF,22.0,CHI,44.0,895,8.8,3.7,18.9,11.2,5.3,1.2,0.6,12.2,0.0,0.6,0.6,0.03,-3.4,-0.5,-3.9,-0.4
327,Serge Ibaka,C,29.0,TOR,74.0,2010,18.7,8.6,23.2,16.1,7.7,0.7,4.3,22.9,2.8,3.3,6.1,0.146,0.2,0.1,0.2,1.2
328,Andre Iguodala,SF,35.0,GSW,68.0,1578,13.1,3.4,13.2,8.5,16.8,1.8,2.7,10.4,2.4,1.8,4.2,0.129,0.1,1.7,1.8,1.5
329,Ersan İlyasova,PF,31.0,MIL,67.0,1231,11.6,8.2,16.2,12.5,5.5,1.2,1.4,15.7,1.2,1.9,3.0,0.119,-2.4,0.1,-2.3,-0.1
330,Joe Ingles,PF,31.0,UTA,82.0,2568,13.4,1.5,12.2,7.0,26.1,1.8,0.6,17.5,2.5,3.6,6.0,0.113,0.3,1.1,1.4,2.2
331,Andre Ingram,SG,33.0,LAL,4.0,15,-11.9,7.0,6.7,6.9,0.0,3.1,0.0,19.3,-0.1,0.0,-0.1,-0.408,-14.8,-4.8,-19.6,-0.1
332,Brandon Ingram,SF,21.0,LAL,52.0,1760,13.4,2.5,13.0,7.8,12.9,0.7,1.4,23.2,0.6,1.4,2.0,0.055,-1.3,-0.7,-2.0,0.0
333,Kyrie Irving,PG,26.0,BOS,67.0,2214,24.3,3.4,12.7,8.1,35.0,2.2,1.4,29.6,6.2,2.9,9.1,0.197,6.0,1.1,7.2,5.1
334,Jonathan Isaac,PF,21.0,ORL,75.0,1996,13.0,5.2,17.0,11.0,5.7,1.4,4.1,16.3,0.9,3.1,4.0,0.096,-1.4,1.0,-0.4,0.8
335,Wesley Iwundu,SF,24.0,ORL,68.0,1233,8.7,3.2,13.0,8.0,7.9,1.1,1.5,12.8,0.5,1.4,1.9,0.073,-3.8,0.6,-3.2,-0.4
336,Demetrius Jackson,PG,24.0,PHI,6.0,39,21.0,5.6,2.6,4.1,19.6,2.4,0.0,19.1,0.2,0.0,0.2,0.231,3.6,0.9,4.5,0.1
337,Frank Jackson,PG,20.0,NOP,61.0,1169,9.4,2.2,9.5,5.9,8.0,1.0,0.1,18.5,0.1,0.4,0.4,0.018,-2.9,-1.7,-4.6,-0.8
338,Jaren Jackson Jr.,PF,19.0,MEM,58.0,1515,16.4,5.3,15.0,10.1,7.2,1.7,5.1,22.8,1.2,2.2,3.3,0.105,-1.2,1.0,-0.3,0.7
339,Josh Jackson,SG,21.0,PHO,79.0,1988,10.6,3.6,15.9,9.7,14.1,1.8,2.3,23.9,-2.8,1.1,-1.7,-0.04,-3.3,-1.2,-4.6,-1.3
340,Justin Jackson,SF,23.0,TOT,81.0,1614,11.3,2.8,11.0,6.9,8.1,0.9,0.7,14.3,2.0,0.9,2.9,0.086,-0.8,-0.8,-1.6,0.2
341,Justin Jackson,SF,23.0,SAC,52.0,1083,10.1,2.3,11.8,6.9,8.0,1.0,1.0,12.9,1.0,0.6,1.6,0.072,-1.3,-0.5,-1.9,0.0
342,Justin Jackson,SF,23.0,DAL,29.0,531,13.9,3.9,9.4,6.7,8.4,0.8,0.2,17.0,1.0,0.3,1.3,0.114,0.4,-1.4,-1.0,0.1
343,Reggie Jackson,PG,28.0,DET,82.0,2289,15.2,2.1,8.5,5.2,24.7,1.2,0.3,24.5,3.1,1.9,5.0,0.105,1.3,-0.9,0.4,1.4
344,LeBron James,SF,34.0,LAL,55.0,1937,25.6,3.1,21.3,12.4,39.4,1.7,1.4,31.6,4.7,2.6,7.2,0.179,6.4,1.7,8.0,4.9
345,Amile Jefferson,PF,25.0,ORL,12.0,68,21.1,9.3,24.0,16.5,6.4,2.2,3.7,13.1,0.2,0.1,0.4,0.258,0.5,2.0,2.5,0.1
346,John Jenkins,SG,27.0,TOT,26.0,333,9.7,1.8,10.0,5.8,9.9,0.0,0.5,15.7,0.2,0.0,0.2,0.031,-1.0,-2.4,-3.4,-0.1
347,John Jenkins,SG,27.0,WAS,4.0,14,20.5,0.0,7.9,3.9,9.9,0.0,0.0,6.1,0.1,0.0,0.1,0.202,7.6,-1.0,6.6,0.0
348,John Jenkins,SG,27.0,NYK,22.0,319,9.3,1.9,10.1,5.9,9.9,0.0,0.5,16.1,0.2,0.0,0.2,0.024,-1.4,-2.5,-3.9,-0.2
350,Jonas Jerebko,PF,31.0,GSW,73.0,1218,13.5,6.6,18.1,12.6,10.1,1.1,1.2,15.2,2.1,1.2,3.3,0.13,-0.3,-0.4,-0.7,0.4
351,Alize Johnson,PF,22.0,IND,14.0,64,6.3,7.1,25.5,16.5,2.0,0.8,4.2,13.3,-0.1,0.1,0.0,0.027,-5.7,-2.0,-7.7,-0.1
352,Amir Johnson,C,31.0,PHI,51.0,529,13.1,9.7,19.5,14.7,16.0,1.4,1.9,17.4,0.4,0.7,1.1,0.098,-2.9,0.6,-2.3,0.0
353,B.J. Johnson,SF,23.0,TOT,7.0,49,12.8,4.2,13.2,8.6,0.0,1.9,0.0,17.4,0.0,0.0,0.1,0.066,-2.3,-2.0,-4.3,0.0
354,B.J. Johnson,SF,23.0,ATL,6.0,43,14.0,4.8,15.0,9.8,0.0,2.1,0.0,17.9,0.0,0.0,0.1,0.076,-1.5,-1.4,-2.9,0.0
355,B.J. Johnson,SF,23.0,SAC,1.0,6,3.7,0.0,0.0,0.0,0.0,0.0,0.0,13.8,0.0,0.0,0.0,-0.008,-8.4,-5.7,-14.1,0.0
356,James Johnson,PF,31.0,MIA,55.0,1164,10.9,2.0,14.1,8.0,17.0,1.5,2.1,17.8,0.0,1.5,1.5,0.062,-2.4,1.1,-1.2,0.2
357,Stanley Johnson,SF,22.0,TOT,66.0,1208,9.6,3.0,16.9,9.7,10.6,2.4,1.0,19.4,-1.1,1.6,0.5,0.021,-3.1,0.9,-2.2,0.0
358,Stanley Johnson,SF,22.0,DET,48.0,961,9.8,2.7,17.7,9.9,9.4,2.5,1.1,19.1,-0.7,1.4,0.7,0.034,-2.9,1.3,-1.6,0.1
359,Stanley Johnson,SF,22.0,NOP,18.0,247,8.9,3.8,13.7,8.8,15.1,2.3,0.3,20.4,-0.3,0.2,-0.1,-0.028,-3.9,-0.5,-4.5,-0.2
360,Tyler Johnson,PG,26.0,TOT,57.0,1529,12.4,2.4,9.8,6.1,15.9,1.7,1.6,18.5,0.9,1.4,2.3,0.071,-0.7,0.3,-0.4,0.6
361,Tyler Johnson,PG,26.0,MIA,44.0,1123,12.3,1.8,9.7,5.7,14.9,1.7,1.7,19.2,0.5,1.3,1.8,0.075,-0.7,0.6,-0.1,0.5
362,Tyler Johnson,PG,26.0,PHO,13.0,406,12.8,4.0,10.3,7.1,18.6,1.6,1.2,16.5,0.4,0.1,0.5,0.06,-0.5,-0.6,-1.0,0.1
363,Wesley Johnson,SF,31.0,TOT,38.0,534,5.5,2.4,11.7,7.1,5.3,1.2,1.9,12.0,-0.3,0.3,0.0,0.001,-4.3,-0.5,-4.8,-0.4
364,Wesley Johnson,SF,31.0,NOP,26.0,377,6.9,2.8,11.9,7.4,5.2,1.5,1.5,11.3,0.0,0.2,0.3,0.032,-3.4,0.3,-3.1,-0.1
365,Wesley Johnson,SF,31.0,WAS,12.0,157,2.0,1.4,11.2,6.2,5.6,0.6,2.7,13.6,-0.3,0.0,-0.2,-0.075,-6.5,-2.4,-8.9,-0.3
366,Nikola Jokić,C,23.0,DEN,80.0,2504,26.3,9.8,27.6,18.7,37.0,2.1,1.9,27.4,7.5,4.3,11.8,0.226,6.2,2.9,9.1,7.0
367,Damian Jones,C,23.0,GSW,24.0,410,15.3,8.4,11.0,9.8,8.7,1.4,5.1,11.1,1.0,0.5,1.5,0.173,-0.6,1.7,1.1,0.3
368,Derrick Jones Jr.,SF,21.0,MIA,60.0,1153,14.0,8.8,13.3,11.1,4.7,1.9,3.3,15.6,1.2,1.7,2.9,0.121,-1.5,1.0,-0.5,0.4
369,Jalen Jones,SF,25.0,CLE,16.0,214,11.7,5.5,12.5,8.8,4.8,2.1,0.8,16.7,0.2,0.1,0.3,0.056,-2.3,-1.9,-4.3,-0.1
370,Jemerrio Jones,SF,23.0,LAL,6.0,143,12.1,11.8,23.4,17.7,11.4,2.3,2.9,11.3,0.0,0.2,0.2,0.084,-2.2,2.4,0.2,0.1
371,Terrence Jones,PF,27.0,HOU,2.0,5,-15.8,0.0,90.3,44.2,0.0,0.0,0.0,47.2,-0.1,0.0,-0.1,-0.661,-24.7,-6.4,-31.1,0.0
372,Tyus Jones,PG,22.0,MIN,68.0,1560,13.7,1.6,7.7,4.6,28.3,2.5,0.3,14.1,2.1,0.9,3.0,0.091,-0.9,0.3,-0.6,0.6
373,DeAndre Jordan,C,30.0,TOT,69.0,2047,19.0,11.7,35.2,23.5,11.6,1.0,3.0,15.0,4.0,3.1,7.1,0.167,0.8,1.3,2.1,2.1
374,DeAndre Jordan,C,30.0,DAL,50.0,1554,18.0,11.2,35.9,23.6,9.5,1.0,2.9,14.4,2.7,2.5,5.3,0.162,0.4,1.3,1.7,1.4
375,DeAndre Jordan,C,30.0,NYK,19.0,493,22.1,13.3,33.0,22.9,18.2,0.9,3.4,16.8,1.3,0.6,1.9,0.181,2.2,1.3,3.4,0.7
376,Cory Joseph,PG,27.0,IND,82.0,2063,11.0,2.1,12.6,7.5,20.7,2.2,0.9,13.7,0.5,2.9,3.5,0.081,-2.1,1.7,-0.4,0.9
377,Frank Kaminsky,C,25.0,CHO,47.0,755,16.8,5.5,18.1,11.7,12.9,0.8,1.4,22.1,1.3,0.5,1.8,0.114,1.4,-1.1,0.3,0.4
378,Enes Kanter,C,26.0,TOT,67.0,1640,22.3,16.4,26.1,21.1,12.1,0.9,1.3,23.1,3.9,1.6,5.4,0.159,2.5,-1.5,1.0,1.2
379,Enes Kanter,C,26.0,NYK,44.0,1128,21.8,15.5,27.5,21.4,13.1,0.8,1.3,22.9,2.4,0.9,3.4,0.143,2.5,-1.6,0.8,0.8
380,Enes Kanter,C,26.0,POR,23.0,512,23.5,18.3,22.8,20.6,9.9,1.3,1.4,23.4,1.5,0.6,2.1,0.196,2.6,-1.3,1.3,0.4
381,Luke Kennard,SG,22.0,DET,63.0,1437,11.9,0.9,13.5,7.0,12.3,0.9,0.6,18.1,1.3,1.3,2.5,0.085,-0.4,-0.6,-1.1,0.3
383,Michael Kidd-Gilchrist,PF,25.0,CHO,64.0,1179,13.3,7.9,14.8,11.3,7.4,1.3,2.9,15.7,1.5,1.0,2.5,0.1,-2.3,-0.1,-2.4,-0.1
384,George King,SF,25.0,PHO,1.0,6,1.9,0.0,18.8,9.2,0.0,0.0,0.0,0.0,0.0,0.0,0.0,-0.001,-5.8,-2.1,-7.9,0.0
385,Maxi Kleber,PF,27.0,DAL,71.0,1502,13.1,6.5,16.9,11.7,6.8,1.2,4.4,13.5,1.6,1.8,3.5,0.111,-0.8,1.2,0.4,0.9
386,Brandon Knight,PG,27.0,TOT,39.0,736,8.9,1.4,7.7,4.4,14.4,1.4,0.2,18.1,-0.1,0.0,0.0,-0.002,-3.5,-2.0,-5.4,-0.6
387,Brandon Knight,PG,27.0,HOU,12.0,118,0.8,0.9,7.7,4.2,10.6,0.8,0.0,20.9,-0.3,0.0,-0.3,-0.113,-9.5,-2.9,-12.4,-0.3
388,Brandon Knight,PG,27.0,CLE,27.0,618,10.5,1.5,7.7,4.5,15.1,1.5,0.3,17.6,0.3,0.0,0.2,0.019,-2.3,-1.8,-4.1,-0.3
389,Kevin Knox,PF,19.0,NYK,75.0,2158,8.7,2.9,13.6,8.1,6.0,1.0,0.9,22.3,-2.2,0.9,-1.3,-0.03,-3.4,-2.3,-5.7,-2.0
390,Furkan Korkmaz,SG,21.0,PHI,48.0,679,11.5,2.6,13.8,8.3,10.7,2.0,0.2,17.9,0.4,0.7,1.1,0.079,-1.6,-0.2,-1.8,0.0
391,Luke Kornet,PF,23.0,NYK,46.0,784,14.8,3.6,14.6,9.0,10.5,1.7,4.5,17.9,0.6,0.7,1.4,0.083,1.4,0.7,2.1,0.8
392,Kyle Korver,SG-PF,37.0,TOT,70.0,1334,11.2,0.7,12.4,6.6,8.9,0.9,0.7,18.5,1.0,1.3,2.3,0.082,-0.2,-0.3,-0.5,0.5
393,Kyle Korver,PF,37.0,CLE,16.0,251,11.3,0.0,13.4,6.4,10.1,0.6,0.7,17.4,0.2,0.0,0.2,0.043,0.6,-1.3,-0.7,0.1
394,Kyle Korver,SG,37.0,UTA,54.0,1083,11.2,0.9,12.2,6.7,8.6,1.0,0.7,18.7,0.8,1.3,2.0,0.091,-0.4,0.0,-0.4,0.4
395,Kosta Koufos,C,29.0,SAC,42.0,502,12.3,10.4,26.3,18.2,9.5,1.4,3.1,15.7,0.0,0.7,0.7,0.063,-3.6,0.2,-3.4,-0.2
396,Rodions Kurucs,SF,20.0,BRK,63.0,1294,11.0,4.6,15.4,10.0,6.0,1.5,1.5,18.4,0.1,1.5,1.6,0.059,-2.9,0.3,-2.6,-0.2
397,Kyle Kuzma,PF,23.0,LAL,70.0,2314,14.0,2.7,14.1,8.5,11.5,0.8,0.9,23.8,1.2,1.9,3.1,0.065,-0.2,-1.2,-1.4,0.4
398,Skal Labissière,PF,22.0,TOT,22.0,176,12.6,5.4,20.3,12.8,8.6,1.4,2.8,16.0,0.1,0.2,0.3,0.089,-2.9,-0.1,-3.0,0.0
399,Skal Labissière,PF,22.0,SAC,13.0,113,7.0,3.6,18.7,10.9,6.8,0.8,2.3,15.3,-0.1,0.1,0.0,0.018,-5.6,-0.8,-6.4,-0.1
400,Skal Labissière,PF,22.0,POR,9.0,63,22.6,8.7,23.2,16.1,11.9,2.3,3.8,17.2,0.2,0.1,0.3,0.216,1.7,1.2,3.0,0.1
401,Jeremy Lamb,SG,26.0,CHO,79.0,2250,17.3,3.1,18.1,10.4,11.9,1.9,1.2,22.5,3.3,2.0,5.3,0.113,1.2,0.0,1.2,1.8
402,Zach LaVine,SG,23.0,CHI,63.0,2171,18.7,2.0,12.9,7.4,22.6,1.3,1.0,30.5,1.7,1.1,2.8,0.062,2.4,-1.6,0.8,1.5
403,Jake Layman,SF,24.0,POR,71.0,1327,13.5,4.6,12.6,8.7,5.6,1.1,1.8,15.9,1.9,1.2,3.1,0.111,-0.1,-0.3,-0.5,0.5
404,T.J. Leaf,PF,21.0,IND,58.0,522,16.9,9.3,17.1,13.3,6.9,0.8,3.2,17.5,0.9,0.7,1.6,0.148,0.3,-0.6,-0.3,0.2
405,Courtney Lee,SG,33.0,TOT,34.0,428,10.3,2.2,11.2,6.7,12.8,2.4,0.6,15.3,0.1,0.4,0.4,0.05,-3.4,0.8,-2.5,-0.1
406,Courtney Lee,SG,33.0,NYK,12.0,160,13.7,3.8,14.1,8.8,15.1,2.4,1.1,15.5,0.2,0.1,0.3,0.087,-1.8,1.1,-0.8,0.0
407,Courtney Lee,SG,33.0,DAL,22.0,268,8.3,1.2,9.5,5.4,11.4,2.4,0.3,15.1,-0.1,0.3,0.2,0.028,-4.3,0.7,-3.6,-0.1
408,Damion Lee,SG,26.0,GSW,32.0,375,11.9,2.4,15.3,9.1,4.5,1.6,0.0,16.8,0.3,0.4,0.7,0.09,-1.2,-1.1,-2.2,0.0
409,Walt Lemon Jr.,PG,26.0,CHI,6.0,167,16.3,2.6,15.1,8.8,30.3,3.2,0.5,26.6,-0.1,0.2,0.1,0.026,-2.4,0.2,-2.2,0.0
410,Alex Len,C,25.0,ATL,77.0,1544,17.2,10.5,18.5,14.4,8.6,0.8,3.9,22.1,2.2,1.0,3.2,0.1,0.0,-1.3,-1.2,0.3
412,Kawhi Leonard,SF,27.0,TOR,60.0,2040,25.8,4.2,18.6,11.6,16.4,2.5,1.0,30.3,6.1,3.4,9.5,0.224,6.1,1.1,7.2,4.7
413,Meyers Leonard,C,26.0,POR,61.0,878,15.8,6.1,21.8,14.2,11.8,0.7,0.8,14.8,2.1,0.9,3.0,0.164,1.5,0.3,1.8,0.8
414,Jon Leuer,PF,29.0,DET,41.0,402,13.2,7.1,19.8,13.2,5.5,1.5,0.8,16.1,0.4,0.5,0.9,0.11,-2.8,0.4,-2.5,0.0
415,Caris LeVert,SF,24.0,BRK,40.0,1063,14.9,3.5,11.4,7.5,23.2,1.9,1.0,24.0,0.5,1.2,1.7,0.077,-0.3,0.5,0.2,0.6
416,Damian Lillard,PG,28.0,POR,80.0,2838,23.7,2.6,11.1,7.0,30.6,1.5,1.0,29.3,9.7,2.4,12.1,0.205,6.6,-0.3,6.4,6.0
417,Jeremy Lin,PG,30.0,TOT,74.0,1436,13.5,1.6,11.7,6.6,23.4,1.5,0.8,21.8,1.2,0.9,2.1,0.07,-1.4,-0.9,-2.2,-0.1
418,Jeremy Lin,PG,30.0,ATL,51.0,1003,15.9,1.6,11.0,6.2,26.7,1.8,0.6,22.6,1.5,0.4,1.9,0.092,0.3,-1.0,-0.6,0.3
419,Jeremy Lin,PG,30.0,TOR,23.0,433,8.2,1.5,13.1,7.5,15.7,1.0,1.1,19.8,-0.3,0.5,0.2,0.02,-5.4,-0.6,-6.0,-0.4
420,Shaun Livingston,PG,33.0,GSW,64.0,967,11.7,4.9,7.9,6.5,14.8,1.5,2.3,12.0,1.2,0.9,2.0,0.101,-1.7,0.7,-1.0,0.2
421,Zach Lofton,SG,26.0,DET,1.0,4,-10.0,0.0,0.0,0.0,0.0,12.3,0.0,21.6,-0.1,0.0,0.0,-0.447,-17.4,6.0,-11.5,0.0
422,Kevon Looney,C,22.0,GSW,80.0,1481,17.3,14.6,15.4,15.0,10.9,1.5,3.0,12.8,4.2,1.8,6.0,0.194,0.1,0.4,0.5,0.9
423,Brook Lopez,C,30.0,MIL,81.0,2322,14.6,1.5,15.0,8.7,5.7,1.0,6.5,16.7,2.3,4.3,6.7,0.138,0.4,1.8,2.2,2.4
424,Robin Lopez,C,30.0,CHI,74.0,1606,15.9,9.4,10.0,9.7,8.8,0.3,4.2,18.6,2.0,0.7,2.7,0.081,-0.6,-1.4,-1.9,0.0
425,Kevin Love,PF,30.0,CLE,22.0,598,19.5,5.9,40.0,22.2,12.8,0.5,0.7,27.4,1.0,0.4,1.3,0.106,3.3,-1.6,1.6,0.6
426,Kyle Lowry,PG,32.0,TOR,65.0,2213,16.5,2.1,12.9,7.6,34.8,2.0,1.2,19.6,3.6,3.0,6.6,0.144,1.7,0.6,2.3,2.4
427,Jordan Loyd,PG,25.0,TOR,12.0,55,16.3,2.0,15.3,8.8,15.1,0.0,0.0,19.4,0.2,0.0,0.2,0.19,0.0,-0.9,-1.0,0.0
428,Kalin Lucas,PG,29.0,DET,1.0,6,16.6,0.0,56.7,27.3,20.8,0.0,0.0,13.5,0.0,0.0,0.0,0.238,-5.6,6.4,0.8,0.0
429,Timothé Luwawu-Cabarrot,SF,23.0,TOT,50.0,669,8.0,1.7,14.1,7.8,5.5,1.4,1.0,16.6,-0.3,0.5,0.2,0.015,-4.1,-1.1,-5.2,-0.5
430,Timothé Luwawu-Cabarrot,SF,23.0,OKC,21.0,123,3.4,3.3,12.1,7.6,4.2,1.5,0.7,16.8,-0.2,0.1,-0.1,-0.033,-7.0,-0.1,-7.1,-0.2
431,Timothé Luwawu-Cabarrot,SF,23.0,CHI,29.0,546,9.0,1.4,14.5,7.9,5.8,1.3,1.1,16.5,0.0,0.3,0.3,0.026,-3.4,-1.3,-4.7,-0.4
432,Tyler Lydon,PF,22.0,DEN,25.0,94,9.3,8.0,12.7,10.4,8.2,1.0,0.0,10.6,0.1,0.1,0.2,0.086,-2.8,-1.4,-4.2,-0.1
433,Trey Lyles,PF,23.0,DEN,64.0,1120,12.7,4.2,19.6,11.9,11.3,1.3,1.8,23.4,-0.2,1.4,1.2,0.05,-1.8,-0.7,-2.4,-0.1
434,Scott Machado,PG,28.0,LAL,4.0,19,22.2,0.0,0.0,0.0,23.5,2.4,0.0,14.0,0.1,0.0,0.1,0.281,2.9,2.7,5.5,0.0
435,Shelvin Mack,PG,28.0,TOT,57.0,1246,10.4,1.6,7.9,4.7,22.6,1.9,0.3,18.1,-0.2,1.1,0.9,0.034,-2.7,-0.4,-3.0,-0.3
436,Shelvin Mack,PG,28.0,MEM,53.0,1204,11.0,1.6,8.0,4.8,23.3,1.9,0.3,18.0,0.1,1.0,1.1,0.045,-2.3,-0.3,-2.5,-0.1
437,Shelvin Mack,PG,28.0,CHO,4.0,42,-6.6,0.0,5.2,2.6,3.0,2.3,0.0,22.5,-0.3,0.0,-0.3,-0.304,-14.0,-3.9,-17.9,-0.2
439,Daryl Macon,SG,23.0,DAL,8.0,90,5.5,2.4,11.8,7.1,11.2,0.5,0.0,17.2,-0.1,0.0,0.0,-0.022,-5.3,-2.6,-7.9,-0.1
440,J.P. Macura,SG,23.0,CHO,2.0,17,5.7,0.0,19.4,9.5,18.0,0.0,0.0,22.8,0.0,0.0,0.0,-0.11,-4.7,-2.9,-7.7,0.0
441,Ian Mahinmi,C,32.0,WAS,34.0,498,12.0,10.3,17.7,13.9,6.5,2.4,2.7,12.9,0.5,0.5,1.0,0.092,-3.5,0.6,-3.0,-0.1
442,Thon Maker,C-PF,21.0,TOT,64.0,972,11.3,4.5,17.4,11.0,6.3,1.0,4.4,14.8,0.5,1.5,2.0,0.099,-2.2,1.0,-1.2,0.2
443,Thon Maker,C,21.0,MIL,35.0,409,12.9,4.5,18.5,11.9,5.8,1.1,3.7,16.3,0.4,0.7,1.1,0.132,-1.3,1.3,0.0,0.2
444,Thon Maker,PF,21.0,DET,29.0,563,10.2,4.5,16.5,10.3,6.7,1.0,5.0,13.7,0.1,0.8,0.9,0.075,-2.9,0.8,-2.1,0.0
445,Boban Marjanović,C,30.0,TOT,58.0,681,24.2,14.0,26.9,20.6,12.8,1.1,3.1,23.3,2.1,0.9,3.0,0.212,2.8,0.3,3.2,0.9
446,Boban Marjanović,C,30.0,LAC,36.0,376,24.9,16.0,26.5,21.4,9.3,1.4,3.6,24.6,1.2,0.5,1.7,0.217,2.6,0.4,3.1,0.5
447,Boban Marjanović,C,30.0,PHI,22.0,305,23.3,11.4,27.3,19.6,17.1,0.8,2.6,21.7,0.9,0.4,1.3,0.204,3.0,0.3,3.3,0.4
448,Lauri Markkanen,PF,21.0,CHI,52.0,1682,17.1,4.7,25.9,15.2,7.2,1.1,1.7,25.1,1.3,1.5,2.7,0.078,1.4,-1.5,-0.2,0.7
449,Jarell Martin,PF,24.0,ORL,42.0,328,9.4,3.5,20.5,11.9,7.8,0.4,2.0,15.9,0.1,0.4,0.5,0.073,-3.7,-0.2,-3.9,-0.2
450,Frank Mason III,PG,24.0,SAC,38.0,435,12.4,1.4,9.0,5.1,26.3,1.7,0.8,21.8,0.0,0.3,0.3,0.033,-1.9,-1.3,-3.1,-0.1
451,Yante Maten,PF,22.0,MIA,2.0,13,5.7,8.2,16.4,12.3,0.0,3.8,0.0,13.2,0.0,0.0,0.0,-0.026,-7.5,-1.6,-9.2,0.0
452,Wesley Matthews,SF-SG,32.0,TOT,69.0,2091,10.3,1.7,7.1,4.4,11.1,1.3,0.7,17.8,1.1,1.5,2.7,0.062,-1.4,-0.5,-1.8,0.1
453,Wesley Matthews,SF,32.0,DAL,44.0,1312,11.3,1.6,6.6,4.2,11.6,1.2,0.8,18.9,1.0,0.8,1.8,0.066,-0.8,-0.5,-1.3,0.2
454,Wesley Matthews,SG,32.0,NYK,2.0,54,2.9,1.9,4.0,2.9,12.9,0.9,1.6,18.4,-0.1,0.0,-0.1,-0.115,-5.3,-1.3,-6.6,-0.1
455,Wesley Matthews,SG,32.0,IND,23.0,725,9.2,1.7,8.1,5.0,10.1,1.3,0.5,15.8,0.3,0.7,1.0,0.067,-2.0,-0.4,-2.4,-0.1
456,Luc Mbah a Moute,PF,32.0,LAC,4.0,61,6.7,3.6,8.4,6.1,4.5,0.8,1.3,15.4,0.0,0.0,0.0,0.009,-2.9,0.0,-3.0,0.0
457,Tahjere McCall,SG,24.0,BRK,1.0,8,9.6,0.0,13.1,6.6,0.0,0.0,0.0,18.1,0.0,0.0,0.0,0.055,-6.0,-0.6,-6.6,0.0
458,Patrick McCaw,SG,23.0,TOT,29.0,397,7.5,2.0,10.9,6.5,9.2,2.8,0.4,9.4,0.0,0.5,0.5,0.065,-4.8,1.9,-3.0,-0.1
459,Patrick McCaw,SG,23.0,CLE,3.0,53,-0.7,0.0,6.6,3.1,4.9,1.9,0.0,9.9,-0.2,0.0,-0.2,-0.137,-7.8,-3.2,-11.0,-0.1
460,Patrick McCaw,SG,23.0,TOR,26.0,344,8.7,2.3,11.6,7.1,9.8,2.9,0.5,9.3,0.2,0.5,0.7,0.096,-4.4,2.7,-1.7,0.0
461,CJ McCollum,SG,27.0,POR,70.0,2375,17.0,2.9,9.7,6.3,13.8,1.1,0.9,25.5,4.0,1.7,5.6,0.114,2.1,-1.0,1.0,1.8
462,T.J. McConnell,PG,26.0,PHI,76.0,1470,13.4,2.1,10.2,6.3,24.7,2.5,0.9,15.0,1.2,1.7,2.9,0.094,-1.8,0.9,-0.9,0.4
463,Doug McDermott,SF,27.0,IND,77.0,1340,11.6,1.4,7.5,4.5,7.1,0.7,0.5,16.3,1.8,1.1,2.9,0.103,-0.5,-0.9,-1.4,0.2
464,JaVale McGee,C,31.0,LAL,75.0,1671,21.8,12.3,22.5,17.5,4.8,1.3,7.3,20.2,3.0,2.9,5.9,0.171,0.3,1.2,1.4,1.4
465,Rodney McGruder,SG,27.0,MIA,66.0,1550,9.4,4.1,12.2,8.2,10.3,1.1,0.7,15.4,0.4,1.6,1.9,0.059,-2.2,-0.1,-2.3,-0.1
466,Alfonzo McKinnie,SF,26.0,GSW,72.0,1003,11.2,9.0,16.9,13.1,4.0,0.9,1.3,13.9,1.2,0.9,2.1,0.1,-2.2,-1.3,-3.5,-0.4
467,Ben McLemore,SG,25.0,SAC,19.0,158,10.5,1.9,9.4,5.5,3.4,1.8,1.6,19.4,0.1,0.1,0.2,0.055,-2.1,-1.4,-3.5,-0.1
469,Jordan McRae,SG,27.0,WAS,27.0,333,14.3,1.9,11.3,6.5,13.2,1.8,1.8,20.4,0.3,0.2,0.5,0.066,-0.9,-0.8,-1.7,0.0
470,Jodie Meeks,SG,31.0,TOR,8.0,104,16.0,1.1,11.1,6.2,11.5,0.5,0.8,17.1,0.2,0.1,0.3,0.153,1.4,-0.8,0.5,0.1
471,Salah Mejri,C,32.0,DAL,36.0,399,16.1,9.7,25.3,17.6,13.2,1.2,5.5,15.8,0.5,0.6,1.1,0.136,-1.1,1.9,0.8,0.3
472,De'Anthony Melton,PG,20.0,PHO,50.0,984,9.9,2.8,12.5,7.5,22.3,3.3,1.9,15.0,-0.8,0.8,0.0,0.002,-3.8,1.1,-2.7,-0.2
473,Chimezie Metu,PF,21.0,SAS,29.0,145,6.4,6.8,20.1,13.5,12.0,2.0,1.2,24.4,-0.5,0.2,-0.3,-0.099,-7.3,-1.4,-8.7,-0.2
474,Khris Middleton,SF,27.0,MIL,77.0,2393,16.5,2.3,16.5,9.8,20.1,1.6,0.2,25.1,2.5,3.6,6.1,0.123,0.7,0.1,0.8,1.7
475,C.J. Miles,SF,31.0,TOT,53.0,856,9.0,1.7,10.3,6.1,6.0,1.5,1.5,18.6,-0.2,0.9,0.7,0.041,-2.4,-0.5,-2.9,-0.2
476,C.J. Miles,SF,31.0,TOR,40.0,562,8.0,2.4,10.5,6.5,5.2,1.5,1.5,18.8,-0.3,0.7,0.4,0.035,-3.2,-0.4,-3.6,-0.2
477,C.J. Miles,SF,31.0,MEM,13.0,294,10.8,0.4,10.1,5.2,7.4,1.4,1.6,18.3,0.1,0.3,0.3,0.054,-0.8,-0.8,-1.5,0.0
478,Darius Miller,SF,28.0,NOP,69.0,1757,8.4,0.8,6.6,3.8,10.4,1.1,1.1,13.4,1.1,0.6,1.6,0.045,-2.1,-0.8,-2.9,-0.4
479,Malcolm Miller,SF,25.0,TOR,10.0,67,13.7,1.7,6.3,4.0,2.1,0.7,1.2,18.5,0.1,0.1,0.2,0.13,1.2,-1.6,-0.5,0.0
480,Patty Mills,PG,30.0,SAS,82.0,1908,13.2,1.4,8.9,5.2,17.6,1.3,0.4,18.5,2.2,1.2,3.5,0.087,0.4,-0.8,-0.3,0.8
481,Paul Millsap,PF,33.0,DEN,70.0,1895,17.9,8.7,20.2,14.4,10.6,2.2,2.5,19.6,3.2,2.9,6.1,0.155,0.7,1.0,1.7,1.8
482,Shake Milton,SG,22.0,PHI,20.0,268,9.3,3.7,10.0,6.9,9.2,1.4,2.3,15.0,0.1,0.3,0.3,0.059,-2.6,-0.6,-3.2,-0.1
483,Nikola Mirotić,PF,27.0,TOT,46.0,1245,17.2,5.1,22.6,14.0,6.2,1.2,2.2,21.4,2.0,1.4,3.5,0.133,2.1,-0.6,1.5,1.1
484,Nikola Mirotić,PF,27.0,NOP,32.0,925,17.5,5.2,24.1,14.8,5.3,1.1,2.2,21.7,1.6,0.9,2.5,0.129,2.3,-0.9,1.4,0.8
485,Nikola Mirotić,PF,27.0,MIL,14.0,320,16.2,4.7,18.3,11.9,8.6,1.5,2.4,20.4,0.4,0.6,1.0,0.147,1.6,0.4,2.0,0.3
486,Donovan Mitchell,SG,22.0,UTA,77.0,2598,17.2,2.5,10.5,6.6,21.2,2.0,0.9,31.6,1.3,3.7,5.0,0.092,1.2,0.1,1.3,2.2
487,Naz Mitrou-Long,SG,25.0,UTA,14.0,84,2.2,1.3,6.3,3.9,23.3,0.6,0.9,14.7,-0.2,0.1,-0.1,-0.046,-7.1,-1.6,-8.7,-0.1
488,Malik Monk,SG,20.0,CHO,73.0,1258,11.8,1.3,10.6,5.9,14.3,1.4,1.3,24.6,-0.4,0.7,0.3,0.012,-1.3,-1.7,-3.0,-0.3
489,Greg Monroe,C,28.0,TOT,43.0,480,16.0,15.4,22.9,19.3,8.1,1.4,1.4,22.6,0.4,0.7,1.1,0.108,-2.0,-1.3,-3.2,-0.1
490,Greg Monroe,C,28.0,TOR,38.0,423,13.5,15.7,23.8,19.9,5.4,1.5,1.6,22.2,-0.1,0.7,0.6,0.071,-3.5,-1.4,-5.0,-0.3
491,Greg Monroe,C,28.0,BOS,2.0,5,60.2,63.9,0.0,32.0,73.4,0.0,0.0,43.1,0.1,0.0,0.1,0.534,28.0,-2.8,25.2,0.0
492,Greg Monroe,C,28.0,PHI,3.0,52,31.7,8.4,17.8,13.2,23.5,0.9,0.0,23.2,0.4,0.0,0.4,0.37,7.8,0.4,8.2,0.1
493,E'Twaun Moore,SG,29.0,NOP,53.0,1463,11.5,2.5,6.4,4.5,9.5,1.3,0.4,17.3,1.2,0.5,1.7,0.055,-1.2,-1.1,-2.3,-0.1
494,Eric Moreland,PF,27.0,TOT,5.0,43,6.7,10.3,39.6,25.2,11.8,1.1,1.9,12.0,-0.1,0.1,0.0,0.032,-6.7,2.0,-4.7,0.0
495,Eric Moreland,PF,27.0,PHO,1.0,5,3.9,0.0,67.5,33.2,0.0,0.0,0.0,0.0,0.0,0.0,0.0,0.077,-6.3,0.2,-6.1,0.0
496,Eric Moreland,PF,27.0,TOR,4.0,38,7.1,11.7,35.9,24.1,13.3,1.3,2.2,13.6,-0.1,0.1,0.0,0.026,-6.7,2.3,-4.5,0.0
497,Jaylen Morris,SG,23.0,MIL,4.0,29,12.2,0.0,16.5,8.8,18.1,3.2,0.0,17.2,0.0,0.1,0.1,0.084,-3.7,3.3,-0.4,0.0
499,Marcus Morris,PF,29.0,BOS,75.0,2091,14.2,3.9,19.5,11.7,7.5,1.0,1.1,20.9,2.1,2.5,4.5,0.104,-0.2,-0.7,-0.9,0.6
500,Markieff Morris,PF,29.0,TOT,58.0,1270,11.7,5.0,17.5,11.1,8.8,1.3,1.5,19.1,0.6,1.1,1.6,0.061,-2.1,-0.6,-2.7,-0.2
501,Markieff Morris,PF,29.0,WAS,34.0,883,12.3,5.0,16.6,10.7,9.6,1.3,1.9,19.5,0.4,0.5,0.9,0.051,-1.8,-0.9,-2.7,-0.2
502,Markieff Morris,PF,29.0,OKC,24.0,387,10.4,5.2,19.6,12.1,6.8,1.3,0.4,18.0,0.2,0.5,0.7,0.083,-2.8,0.1,-2.8,-0.1
503,Monte Morris,PG,23.0,DEN,82.0,1970,16.2,1.9,8.8,5.3,21.7,1.8,0.2,17.1,4.4,1.8,6.2,0.151,1.1,0.3,1.5,1.7
504,Donatas Motiejūnas,PF,28.0,SAS,3.0,13,-0.5,16.9,8.3,12.6,11.9,0.0,6.5,33.5,-0.1,0.0,-0.1,-0.246,-19.4,-2.3,-21.7,-0.1
505,Johnathan Motley,PF,23.0,LAC,22.0,156,18.9,12.6,21.7,17.3,11.7,1.5,1.5,28.8,0.1,0.2,0.3,0.092,-1.2,-0.7,-1.9,0.0
506,Emmanuel Mudiay,PG,22.0,NYK,59.0,1607,14.6,2.1,10.9,6.4,24.2,1.3,1.0,25.6,0.1,0.7,0.8,0.023,-0.2,-1.8,-2.0,0.0
507,Jamal Murray,PG,21.0,DEN,75.0,2447,16.0,2.9,11.2,7.0,22.4,1.3,1.0,24.9,2.8,2.3,5.1,0.1,1.4,-0.8,0.6,1.6
508,Džanan Musa,SG,19.0,BRK,9.0,39,5.8,2.7,10.7,6.7,8.6,2.4,0.0,29.0,-0.2,0.0,-0.1,-0.152,-6.3,-0.9,-7.2,-0.1
509,Mike Muscala,PF,27.0,TOT,64.0,1306,10.8,4.7,14.7,9.8,7.7,0.8,2.3,14.3,1.2,1.2,2.5,0.091,-0.8,-0.3,-1.1,0.3
510,Mike Muscala,PF,27.0,PHI,47.0,1041,10.4,5.3,14.7,10.2,7.9,0.8,2.0,14.3,0.9,1.0,1.9,0.087,-1.1,-0.4,-1.5,0.1
511,Mike Muscala,PF,27.0,LAL,17.0,265,12.5,2.4,14.5,8.6,7.1,0.7,3.4,14.3,0.3,0.3,0.6,0.107,0.3,0.4,0.7,0.2
512,Sviatoslav Mykhailiuk,SF,21.0,TOT,42.0,440,6.0,2.2,6.2,4.2,10.9,1.5,0.2,16.0,-0.4,0.3,-0.1,-0.012,-3.9,-1.1,-5.0,-0.3
513,Sviatoslav Mykhailiuk,SF,21.0,LAL,39.0,420,5.8,2.0,6.3,4.2,10.1,1.4,0.2,15.9,-0.4,0.3,-0.1,-0.013,-4.1,-1.1,-5.2,-0.3
514,Sviatoslav Mykhailiuk,SF,21.0,DET,3.0,20,9.8,5.3,5.7,5.5,28.5,2.5,0.0,19.4,0.0,0.0,0.0,0.016,0.6,-1.1,-0.5,0.0
515,Abdel Nader,SF,25.0,OKC,61.0,694,8.8,2.0,15.7,8.6,3.8,1.3,1.5,15.1,0.0,0.9,0.9,0.062,-3.6,0.3,-3.2,-0.2
516,Larry Nance Jr.,C,26.0,CLE,67.0,1795,18.6,10.0,24.9,17.1,17.8,2.8,1.9,15.5,3.3,1.6,4.9,0.131,1.0,1.4,2.4,2.0
517,Shabazz Napier,PG,27.0,BRK,56.0,983,15.3,1.9,8.7,5.3,22.2,2.0,1.3,24.0,1.0,1.0,2.0,0.098,0.9,0.6,1.5,0.9
518,Raul Neto,PG,26.0,UTA,37.0,474,13.5,1.4,12.6,7.1,28.7,1.4,0.7,19.0,0.5,0.6,1.1,0.116,-1.1,0.8,-0.3,0.2
519,Georges Niang,PF,25.0,UTA,59.0,516,13.0,2.4,15.7,9.1,10.1,0.9,0.9,17.8,0.7,0.7,1.3,0.123,-0.2,0.2,0.0,0.3
520,Joakim Noah,C,33.0,MEM,42.0,693,18.6,9.2,29.6,19.3,20.6,1.4,4.2,20.0,1.0,1.2,2.2,0.15,-0.3,2.4,2.1,0.7
521,Nerlens Noel,C,24.0,OKC,77.0,1055,19.3,12.1,20.0,15.9,5.9,2.9,7.7,13.8,1.9,2.5,4.3,0.198,-1.2,3.3,2.1,1.1
522,Dirk Nowitzki,PF,40.0,DAL,51.0,795,9.6,0.7,20.5,10.6,6.9,0.5,1.9,22.5,-0.5,0.8,0.3,0.016,-2.7,-1.2,-3.9,-0.4
523,Frank Ntilikina,PG,20.0,NYK,43.0,904,6.0,1.4,8.9,5.0,19.5,1.6,1.3,16.6,-1.3,0.4,-0.8,-0.045,-5.2,-0.8,-6.0,-0.9
524,James Nunnally,SF,28.0,TOT,15.0,102,7.3,0.0,5.3,2.6,9.5,0.5,0.0,15.3,0.1,0.0,0.1,0.035,-1.9,-2.9,-4.8,-0.1
525,James Nunnally,SF,28.0,MIN,13.0,64,12.1,0.0,6.8,3.3,10.9,0.7,0.0,15.6,0.1,0.0,0.1,0.097,1.4,-1.3,0.1,0.0
526,James Nunnally,SF,28.0,HOU,2.0,38,-0.8,0.0,3.0,1.5,7.2,0.0,0.0,14.8,-0.1,0.0,-0.1,-0.068,-7.5,-5.5,-13.0,-0.1
528,Jusuf Nurkić,C,24.0,POR,72.0,1974,23.4,13.4,26.7,20.2,17.9,1.7,4.2,24.7,4.4,3.3,7.8,0.189,2.1,1.7,3.7,2.8
529,David Nwaba,SG,26.0,CLE,51.0,984,12.5,4.4,14.4,9.2,8.1,1.8,1.5,14.6,1.1,0.3,1.4,0.069,-1.8,-0.3,-2.1,0.0
530,Royce O'Neale,SF,25.0,UTA,82.0,1671,9.0,1.5,16.7,9.2,10.0,1.5,1.1,11.0,0.7,2.5,3.3,0.094,-2.6,2.1,-0.5,0.6
531,Kyle O'Quinn,C,28.0,IND,45.0,371,16.8,8.9,26.4,17.8,22.4,1.2,6.0,20.8,0.2,0.8,1.0,0.125,-2.5,3.0,0.4,0.2
532,Semi Ojeleye,PF,24.0,BOS,56.0,594,8.5,4.3,11.2,7.7,5.1,0.8,0.6,14.1,0.2,0.5,0.7,0.057,-2.8,-1.2,-4.0,-0.3
533,Jahlil Okafor,C,23.0,NOP,59.0,935,17.9,9.2,21.4,15.4,6.3,0.7,3.5,19.9,1.4,0.8,2.2,0.115,-0.6,-0.9,-1.5,0.1
534,Elie Okobo,PG,21.0,PHO,53.0,958,7.6,1.4,10.1,5.7,18.7,1.6,0.6,17.0,-0.7,0.2,-0.5,-0.027,-4.2,-1.5,-5.7,-0.9
535,Josh Okogie,SG,20.0,MIN,74.0,1757,9.4,2.5,10.9,6.6,6.9,2.4,1.6,15.4,-0.1,1.4,1.2,0.034,-3.5,0.4,-3.1,-0.5
536,Victor Oladipo,SG,26.0,IND,36.0,1147,17.6,2.1,17.1,9.8,25.2,2.6,0.9,27.9,0.4,1.9,2.3,0.097,1.8,1.2,2.9,1.4
537,Kelly Olynyk,PF,27.0,MIA,79.0,1812,14.4,4.2,17.8,11.0,11.4,1.4,1.8,18.0,2.3,2.5,4.7,0.126,-0.2,0.9,0.7,1.2
538,Cedi Osman,SF,23.0,CLE,76.0,2444,11.5,2.0,14.8,8.1,12.1,1.2,0.4,18.6,1.2,0.2,1.5,0.029,-1.4,-1.8,-3.2,-0.8
539,Kelly Oubre Jr.,SF,23.0,TOT,69.0,1935,15.2,4.0,14.6,9.2,6.8,2.1,2.5,23.2,0.9,1.3,2.2,0.054,-0.3,-0.9,-1.2,0.4
540,Kelly Oubre Jr.,SF,23.0,WAS,29.0,755,13.3,3.4,15.3,9.3,3.8,1.7,2.2,20.9,0.3,0.5,0.8,0.053,-1.4,-1.2,-2.6,-0.1
541,Kelly Oubre Jr.,SF,23.0,PHO,40.0,1180,16.4,4.3,14.2,9.2,8.7,2.3,2.8,24.7,0.5,0.8,1.3,0.054,0.4,-0.8,-0.4,0.5
542,Zaza Pachulia,C,34.0,DET,68.0,878,13.7,11.9,21.5,16.5,14.7,1.7,1.6,15.0,1.1,1.3,2.3,0.128,-2.8,1.6,-1.2,0.2
543,Jabari Parker,PF,23.0,TOT,64.0,1724,15.5,4.9,21.8,13.3,14.1,1.3,1.5,24.6,0.1,1.3,1.4,0.039,-0.7,-0.9,-1.5,0.2
544,Jabari Parker,PF,23.0,CHI,39.0,1042,14.6,4.2,21.1,12.6,13.2,1.1,1.2,25.0,-0.2,0.7,0.5,0.024,-1.1,-1.1,-2.1,0.0
545,Jabari Parker,PF,23.0,WAS,25.0,682,17.0,5.9,23.0,14.3,15.4,1.6,2.0,24.0,0.3,0.6,0.9,0.063,0.0,-0.6,-0.6,0.2
546,Tony Parker,PG,36.0,CHO,56.0,1003,15.3,1.5,7.6,4.5,33.3,1.0,0.6,25.5,0.6,0.3,0.9,0.044,-0.3,-2.3,-2.6,-0.1
547,Chandler Parsons,SF,30.0,MEM,25.0,496,8.5,0.9,15.2,7.9,13.4,1.9,1.0,20.3,-0.6,0.6,0.0,-0.004,-3.9,-0.5,-4.4,-0.3
548,Patrick Patterson,PF,29.0,OKC,63.0,861,8.1,4.9,13.0,8.8,4.6,0.9,1.3,12.0,0.2,0.9,1.1,0.064,-2.0,-0.4,-2.5,-0.1
549,Justin Patton,C,21.0,PHI,3.0,21,10.5,10.4,19.6,15.1,18.7,4.5,0.0,15.7,0.0,0.0,0.0,0.079,-5.2,3.2,-2.0,0.0
550,Chris Paul,PG,33.0,HOU,58.0,1857,19.7,2.1,13.9,7.9,39.3,3.0,0.8,22.5,4.4,2.2,6.6,0.172,2.7,1.1,3.9,2.8
551,Cameron Payne,PG,24.0,TOT,40.0,712,11.5,2.0,9.2,5.5,21.8,1.9,1.1,17.6,0.1,0.3,0.5,0.031,-2.3,-0.7,-3.0,-0.2
552,Cameron Payne,PG,24.0,CHI,31.0,536,10.3,2.0,8.8,5.4,22.4,1.8,1.0,17.4,-0.1,0.3,0.2,0.014,-3.1,-0.7,-3.8,-0.2
553,Cameron Payne,PG,24.0,CLE,9.0,176,15.3,1.8,10.6,6.0,20.0,2.3,1.5,18.1,0.2,0.1,0.3,0.082,0.1,-0.8,-0.7,0.1
555,Elfrid Payton,PG,24.0,NOP,42.0,1250,14.0,4.1,14.0,9.1,33.5,1.6,1.1,18.3,0.6,0.9,1.5,0.058,-0.7,-0.7,-1.4,0.2
556,Gary Payton II,PG,26.0,WAS,3.0,16,36.9,6.7,6.9,6.8,45.1,8.9,5.3,23.8,0.1,0.0,0.1,0.358,8.3,10.6,18.9,0.1
557,Theo Pinson,SG,23.0,BRK,18.0,211,8.1,2.0,15.9,9.0,14.1,1.4,0.0,20.0,-0.2,0.2,0.0,0.004,-3.6,0.4,-3.2,-0.1
558,Mason Plumlee,C,28.0,DEN,82.0,1731,17.8,10.3,22.5,16.4,19.5,1.9,3.9,16.2,2.9,2.9,5.8,0.16,-0.5,2.6,2.1,1.8
559,Miles Plumlee,C,30.0,ATL,18.0,173,18.9,9.5,14.3,11.8,14.7,1.6,2.0,16.7,0.4,0.1,0.5,0.145,1.6,0.0,1.6,0.2
560,Jakob Poeltl,C,23.0,SAS,77.0,1273,19.4,15.4,19.7,17.6,10.0,1.1,4.5,13.1,3.5,1.6,5.1,0.193,1.3,0.7,2.0,1.3
561,Quincy Pondexter,SF,30.0,SAS,53.0,292,13.2,3.0,14.1,8.6,10.6,1.8,0.3,13.5,0.5,0.3,0.8,0.128,-1.6,0.7,-0.9,0.1
562,Otto Porter,SF,25.0,TOT,56.0,1683,15.9,3.4,17.0,10.1,10.6,2.3,1.6,19.1,1.8,1.5,3.2,0.093,0.8,0.1,0.9,1.2
563,Otto Porter,SF,25.0,WAS,41.0,1191,15.0,3.6,17.7,10.5,9.6,2.5,1.6,18.2,1.0,1.1,2.1,0.085,0.0,0.3,0.3,0.7
564,Otto Porter,SF,25.0,CHI,15.0,492,18.0,3.1,15.4,9.2,13.0,1.8,1.6,21.3,0.8,0.4,1.1,0.112,2.6,-0.4,2.2,0.5
565,Bobby Portis,PF,23.0,TOT,50.0,1299,16.1,9.0,24.9,16.8,8.8,1.3,1.3,24.6,0.5,1.1,1.6,0.06,-0.2,-2.3,-2.4,-0.1
566,Bobby Portis,PF,23.0,CHI,22.0,531,17.2,9.3,23.8,16.5,9.2,1.0,1.3,26.5,0.3,0.4,0.7,0.062,0.5,-2.4,-1.9,0.0
567,Bobby Portis,PF,23.0,WAS,28.0,768,15.3,8.8,25.7,17.1,8.4,1.5,1.3,23.3,0.2,0.7,0.9,0.058,-0.6,-2.2,-2.8,-0.2
568,Dwight Powell,C,27.0,DAL,77.0,1662,20.4,9.1,17.3,13.2,10.7,1.3,2.6,17.2,5.6,1.9,7.5,0.215,2.0,0.9,2.9,2.1
569,Norman Powell,SG,25.0,TOR,60.0,1126,13.3,1.6,11.5,6.7,11.6,1.7,1.0,19.0,1.0,1.4,2.4,0.102,-0.9,0.2,-0.7,0.4
570,Alex Poythress,PF,25.0,ATL,21.0,305,12.2,9.8,16.6,13.1,7.7,0.6,2.8,14.2,0.4,0.2,0.5,0.086,-2.5,-1.0,-3.5,-0.1
571,Zhou Qi,PF,23.0,HOU,1.0,1,80.4,0.0,0.0,0.0,0.0,0.0,0.0,43.4,0.0,0.0,0.0,1.261,40.1,11.9,52.0,0.0
572,Ivan Rabb,PF,21.0,MEM,49.0,721,16.1,10.7,21.5,16.0,12.0,1.2,1.8,17.2,1.2,0.9,2.1,0.137,-1.1,-0.3,-1.4,0.1
573,Chasson Randle,PG,25.0,WAS,49.0,743,9.9,1.4,6.8,4.1,17.5,1.6,0.3,16.4,0.4,0.2,0.6,0.041,-2.7,-1.3,-4.0,-0.4
574,Julius Randle,PF,24.0,NOP,73.0,2232,21.0,7.6,21.6,14.7,15.8,1.1,1.6,27.8,4.2,1.9,6.1,0.131,2.1,-0.6,1.5,2.0
575,J.J. Redick,SG,34.0,PHI,76.0,2379,15.1,0.9,7.2,4.1,12.9,0.6,0.6,21.9,4.6,1.2,5.9,0.118,2.2,-2.0,0.2,1.3
576,Davon Reed,SG,23.0,IND,10.0,47,8.1,4.8,9.2,7.1,8.5,1.0,0.0,12.1,0.0,0.0,0.1,0.064,-3.3,-2.2,-5.5,0.0
577,Cameron Reynolds,SG,23.0,MIN,19.0,259,10.4,1.6,11.3,6.4,6.8,1.1,0.7,14.1,0.3,0.1,0.4,0.078,-1.3,-1.2,-2.5,0.0
578,Josh Richardson,SG,25.0,MIA,73.0,2539,14.0,2.3,8.8,5.5,17.9,1.5,1.2,20.9,3.0,2.6,5.6,0.106,0.1,0.2,0.3,1.5
580,Malachi Richardson,SG,23.0,TOR,22.0,103,0.9,2.2,11.2,6.8,0.0,0.5,0.0,16.4,-0.2,0.1,-0.1,-0.06,-6.6,-2.1,-8.8,-0.2
581,Austin Rivers,SG,26.0,TOT,76.0,2028,7.7,1.3,7.5,4.4,11.5,1.1,1.0,14.5,0.4,0.8,1.2,0.028,-3.3,-1.0,-4.3,-1.1
582,Austin Rivers,SG,26.0,WAS,29.0,683,6.8,1.6,9.8,5.6,11.2,1.2,1.2,15.5,-0.4,0.2,-0.2,-0.014,-4.1,-1.2,-5.3,-0.6
583,Austin Rivers,SG,26.0,HOU,47.0,1345,8.2,1.2,6.4,3.7,11.7,1.1,0.8,13.9,0.8,0.6,1.4,0.05,-2.9,-0.9,-3.8,-0.6
584,Devin Robinson,SF,23.0,WAS,7.0,95,20.6,6.7,16.2,11.4,9.5,2.0,5.3,17.9,0.2,0.1,0.3,0.175,0.8,1.1,1.9,0.1
585,Duncan Robinson,PF,24.0,MIA,15.0,161,7.6,1.3,11.2,6.3,4.4,1.5,0.0,14.0,0.0,0.2,0.2,0.051,-3.4,0.0,-3.4,-0.1
586,Glenn Robinson III,SF,25.0,DET,47.0,610,8.7,2.9,10.0,6.4,5.1,1.1,1.1,15.0,0.1,0.6,0.7,0.054,-2.8,-0.1,-3.0,-0.2
587,Jerome Robinson,SG,21.0,LAC,33.0,320,7.2,1.0,12.2,6.8,8.3,1.6,0.7,16.7,-0.2,0.3,0.1,0.012,-4.2,-0.5,-4.7,-0.2
588,Mitchell Robinson,C,20.0,NYK,66.0,1360,22.0,13.3,19.4,16.3,4.2,1.8,10.0,12.1,4.0,2.2,6.1,0.217,0.1,2.4,2.5,1.6
589,Rajon Rondo,PG,32.0,LAL,46.0,1369,12.1,2.6,15.5,9.2,35.5,1.9,0.4,17.4,-0.2,1.5,1.3,0.047,-1.7,0.2,-1.5,0.2
590,Derrick Rose,PG,30.0,MIN,51.0,1392,19.5,2.5,8.3,5.4,26.4,1.1,0.7,27.3,2.6,0.3,3.0,0.102,3.2,-1.7,1.4,1.2
591,Terrence Ross,SG,27.0,ORL,81.0,2150,15.4,1.3,12.8,7.0,9.9,1.6,1.1,23.9,1.7,2.6,4.3,0.095,1.1,-0.3,0.8,1.5
592,Terry Rozier,PG,24.0,BOS,79.0,1791,12.9,1.9,16.4,9.1,17.7,1.8,1.0,18.6,0.9,2.3,3.2,0.086,-0.7,0.5,-0.2,0.8
593,Ricky Rubio,PG,28.0,UTA,68.0,1899,14.0,1.9,11.8,6.9,32.1,2.3,0.4,22.7,0.9,2.8,3.7,0.095,-1.0,0.8,-0.2,0.9
594,D'Angelo Russell,PG,22.0,BRK,81.0,2448,19.4,2.3,11.2,6.8,41.3,1.9,0.6,31.9,2.4,2.6,5.0,0.097,4.0,-0.6,3.4,3.4
595,Domantas Sabonis,C,22.0,IND,74.0,1838,21.9,11.5,29.8,20.8,18.2,1.3,1.5,23.5,4.3,3.3,7.6,0.197,1.9,1.3,3.1,2.4
596,Brandon Sampson,SG,21.0,CHI,14.0,214,8.5,1.5,6.7,4.1,6.8,1.8,1.2,15.2,-0.1,0.1,0.0,0.01,-3.9,-0.9,-4.7,-0.1
597,JaKarr Sampson,SF,25.0,CHI,4.0,127,22.5,4.2,23.4,13.7,5.3,1.5,2.0,23.1,0.3,0.1,0.5,0.173,3.6,0.2,3.7,0.2
598,Dario Šarić,PF,24.0,TOT,81.0,2023,13.1,6.6,17.5,12.1,8.8,1.1,0.4,17.8,2.3,1.2,3.5,0.084,-0.3,-1.3,-1.6,0.2
599,Dario Šarić,PF,24.0,PHI,13.0,396,8.1,5.8,16.9,11.5,8.9,0.5,0.6,18.0,-0.1,0.3,0.2,0.023,-3.2,-1.5,-4.7,-0.3
600,Dario Šarić,PF,24.0,MIN,68.0,1627,14.3,6.8,17.7,12.2,8.8,1.2,0.3,17.8,2.4,0.9,3.3,0.099,0.4,-1.3,-0.8,0.5
601,Tomáš Satoranský,PG,27.0,WAS,80.0,2164,14.1,4.0,10.0,7.0,24.6,1.8,0.5,14.1,3.8,0.9,4.7,0.104,-0.4,-0.3,-0.7,0.7
602,Dennis Schröder,PG,25.0,OKC,79.0,2314,12.7,1.6,11.3,6.3,20.4,1.3,0.4,24.2,0.4,2.4,2.9,0.06,-1.3,-0.7,-2.0,0.0
603,Mike Scott,PF,30.0,TOT,79.0,1395,8.6,3.4,17.2,10.5,6.4,0.9,0.7,14.4,0.4,1.2,1.6,0.053,-1.9,-0.7,-2.5,-0.2
604,Mike Scott,PF,30.0,LAC,52.0,748,9.4,3.5,20.6,12.3,8.1,1.1,0.8,14.9,0.1,0.7,0.9,0.055,-1.5,0.0,-1.5,0.1
605,Mike Scott,PF,30.0,PHI,27.0,647,7.7,3.2,13.2,8.3,4.6,0.7,0.6,13.8,0.2,0.5,0.7,0.052,-2.3,-1.4,-3.7,-0.3
607,Thabo Sefolosha,SF,34.0,UTA,50.0,609,12.1,1.4,20.1,10.9,6.1,3.4,0.7,12.9,0.2,1.2,1.5,0.115,-1.6,3.1,1.5,0.5
608,Wayne Selden,SG,24.0,TOT,75.0,1439,8.3,2.8,11.0,6.9,11.3,1.1,0.8,18.4,-1.0,0.8,-0.3,-0.009,-3.8,-1.6,-5.4,-1.2
609,Wayne Selden,SG,24.0,MEM,32.0,455,8.8,3.9,7.0,5.4,12.4,1.1,1.2,19.3,-0.2,0.3,0.1,0.014,-3.3,-1.1,-4.4,-0.3
610,Wayne Selden,SG,24.0,CHI,43.0,984,8.1,2.3,12.8,7.5,10.8,1.1,0.6,18.0,-0.8,0.4,-0.4,-0.019,-4.0,-1.8,-5.9,-1.0
611,Collin Sexton,PG,20.0,CLE,82.0,2605,12.0,2.3,8.0,5.0,15.3,0.8,0.2,25.2,-0.1,-0.5,-0.6,-0.011,-1.4,-3.3,-4.7,-1.8
612,Landry Shamet,SG,21.0,TOT,79.0,1802,11.0,1.3,6.4,3.9,9.0,1.0,0.4,15.0,2.7,0.9,3.6,0.095,-0.3,-1.3,-1.6,0.2
613,Landry Shamet,SG,21.0,PHI,54.0,1108,10.7,1.4,5.9,3.7,7.4,1.0,0.6,15.0,1.6,0.6,2.2,0.096,-0.7,-1.1,-1.9,0.0
614,Landry Shamet,SG,21.0,LAC,25.0,694,11.3,1.1,7.3,4.3,11.5,0.9,0.2,15.0,1.1,0.3,1.4,0.094,0.4,-1.6,-1.2,0.1
615,Iman Shumpert,SG,28.0,TOT,62.0,1481,9.1,1.9,11.4,6.5,9.9,1.9,1.4,14.5,0.1,1.2,1.4,0.045,-2.4,0.5,-1.9,0.0
616,Iman Shumpert,SG,28.0,SAC,42.0,1099,10.1,1.7,10.6,6.0,10.7,2.0,1.6,15.2,0.3,0.9,1.2,0.054,-1.9,0.6,-1.3,0.2
617,Iman Shumpert,SG,28.0,HOU,20.0,382,6.3,2.3,13.6,7.8,7.6,1.5,0.9,12.7,-0.2,0.3,0.2,0.019,-4.0,0.2,-3.7,-0.2
618,Pascal Siakam,PF,24.0,TOR,80.0,2548,18.7,5.4,17.5,11.6,14.6,1.4,1.7,20.8,5.7,3.6,9.3,0.175,1.6,0.8,2.4,2.8
619,Jordan Sibert,SG,26.0,ATL,1.0,4,29.7,0.0,0.0,0.0,0.0,0.0,0.0,10.2,0.0,0.0,0.0,0.183,13.7,2.2,16.0,0.0
620,Ben Simmons,PG,22.0,PHI,79.0,2700,20.0,6.9,20.0,13.7,34.2,2.0,1.8,22.1,4.6,3.6,8.2,0.146,2.2,1.3,3.6,3.8
621,Jonathon Simmons,SG-SF,29.0,TOT,56.0,1064,8.5,2.7,10.0,6.3,16.7,1.3,1.2,18.7,-0.8,1.1,0.3,0.013,-3.9,-0.3,-4.2,-0.6
622,Jonathon Simmons,SG,29.0,ORL,41.0,845,7.4,2.9,9.9,6.3,15.7,1.0,1.4,19.3,-1.0,0.8,-0.2,-0.01,-4.6,-0.5,-5.2,-0.7
623,Jonathon Simmons,SF,29.0,PHI,15.0,219,12.9,2.0,10.3,6.3,20.7,2.4,0.4,16.7,0.2,0.2,0.5,0.101,-1.3,0.5,-0.8,0.1
624,Kobi Simmons,PG,21.0,CLE,1.0,2,0.0,0.0,0.0,0.0,0.0,0.0,0.0,0.0,0.0,0.0,0.0,-0.033,-7.4,-3.2,-10.6,0.0
625,Anfernee Simons,SG,19.0,POR,20.0,141,11.1,2.3,7.4,4.9,13.7,0.3,0.0,24.3,0.0,0.0,0.1,0.02,-1.5,-3.7,-5.3,-0.1
626,Marcus Smart,SG,24.0,BOS,80.0,2200,13.1,2.8,8.6,5.7,19.1,3.1,1.1,14.6,2.2,3.1,5.3,0.116,-1.2,2.0,0.8,1.5
627,Dennis Smith Jr.,PG,21.0,TOT,53.0,1508,12.3,2.2,8.7,5.5,27.3,2.1,1.1,24.8,-1.2,1.2,0.0,0.001,-1.6,-0.4,-1.9,0.0
628,Dennis Smith Jr.,PG,21.0,DAL,32.0,908,11.5,2.1,9.3,5.7,24.1,2.1,1.0,23.3,-0.7,0.9,0.2,0.01,-2.1,0.0,-2.1,0.0
629,Dennis Smith Jr.,PG,21.0,NYK,21.0,600,13.5,2.4,7.9,5.1,32.2,2.2,1.3,27.0,-0.5,0.3,-0.2,-0.014,-0.8,-0.9,-1.7,0.0
630,Ish Smith,PG,30.0,DET,56.0,1251,11.8,1.9,11.1,6.3,25.4,1.1,0.7,19.9,0.5,1.1,1.7,0.064,-1.6,-0.3,-2.0,0.0
631,J.R. Smith,SG,33.0,CLE,11.0,222,7.8,0.0,9.4,4.5,13.8,2.5,1.2,18.6,-0.3,0.1,-0.2,-0.038,-3.7,0.5,-3.2,-0.1
632,Jason Smith,PF-C,32.0,TOT,20.0,190,9.8,9.0,20.2,14.6,9.7,0.7,3.1,17.5,0.0,0.2,0.2,0.038,-3.7,-1.0,-4.7,-0.1
633,Jason Smith,C,32.0,WAS,12.0,130,11.7,9.0,22.1,15.4,12.3,0.4,3.2,16.1,0.1,0.1,0.2,0.07,-2.7,-0.7,-3.4,0.0
634,Jason Smith,PF,32.0,MIL,6.0,40,6.3,8.1,19.2,14.0,3.1,2.3,4.2,19.8,-0.1,0.1,0.0,-0.02,-6.8,-0.1,-6.9,-0.1
635,Jason Smith,C,32.0,NOP,2.0,20,4.6,10.5,10.2,10.4,6.2,0.0,0.0,22.3,0.0,0.0,0.0,-0.049,-4.4,-4.4,-8.8,0.0
636,Zhaire Smith,SG,19.0,PHI,6.0,111,9.5,2.9,9.3,6.2,12.3,0.9,1.4,16.4,0.0,0.1,0.1,0.048,-2.8,-2.2,-5.0,-0.1
637,Tony Snell,SF,27.0,MIL,74.0,1304,10.7,2.4,9.4,6.1,6.7,0.9,1.2,12.9,1.6,1.6,3.2,0.117,-1.0,0.3,-0.7,0.4
638,Ray Spalding,PF,21.0,TOT,14.0,148,14.6,11.1,25.1,18.0,5.1,2.9,4.5,17.8,0.0,0.2,0.2,0.051,-4.3,-0.8,-5.1,-0.1
639,Ray Spalding,PF,21.0,DAL,1.0,1,0.0,0.0,0.0,0.0,0.0,0.0,0.0,0.0,0.0,0.0,0.0,0.0,-7.5,-5.0,-12.6,0.0
640,Ray Spalding,PF,21.0,PHO,13.0,147,14.7,11.1,25.3,18.1,5.2,2.9,4.5,17.9,0.0,0.2,0.2,0.051,-4.3,-0.8,-5.1,-0.1
641,Omari Spellman,PF,21.0,ATL,46.0,805,12.4,9.2,16.3,12.7,8.0,1.5,2.7,14.9,0.6,0.5,1.2,0.07,-0.5,-0.7,-1.2,0.2
643,Nik Stauskas,SG,25.0,TOT,68.0,1015,10.9,1.9,11.7,6.8,11.1,1.0,0.6,17.6,0.6,0.5,1.1,0.052,-0.7,-1.2,-1.9,0.0
644,Nik Stauskas,SG,25.0,POR,44.0,673,10.8,1.6,10.8,6.3,12.6,1.0,0.5,17.9,0.3,0.4,0.8,0.055,-0.9,-0.8,-1.6,0.1
645,Nik Stauskas,SG,25.0,CLE,24.0,342,11.3,2.5,13.2,7.6,8.0,1.0,0.8,16.9,0.3,0.0,0.3,0.046,-0.5,-2.1,-2.5,0.0
646,D.J. Stephens,SG,28.0,MEM,1.0,7,5.5,0.0,0.0,0.0,0.0,7.1,0.0,19.1,0.0,0.0,0.0,-0.119,-7.1,1.6,-5.5,0.0
647,Lance Stephenson,SG,28.0,LAL,68.0,1123,11.8,3.0,16.5,9.9,17.3,1.7,0.5,20.3,-0.1,1.2,1.1,0.049,-1.6,0.1,-1.5,0.1
648,Edmond Sumner,PG,23.0,IND,23.0,210,7.6,4.9,7.8,6.3,6.3,2.8,2.1,17.6,-0.2,0.3,0.1,0.02,-5.8,0.5,-5.3,-0.2
649,Caleb Swanigan,PF,21.0,TOT,21.0,178,4.7,10.2,27.6,19.1,8.0,1.6,0.5,17.7,-0.5,0.2,-0.2,-0.06,-7.1,0.0,-7.2,-0.2
650,Caleb Swanigan,PF,21.0,POR,18.0,145,3.1,9.8,28.0,19.1,6.2,1.3,0.0,18.4,-0.4,0.2,-0.3,-0.086,-7.9,-0.3,-8.2,-0.2
651,Caleb Swanigan,PF,21.0,SAC,3.0,33,11.7,12.2,25.6,18.7,15.6,2.8,2.6,14.9,0.0,0.1,0.0,0.053,-3.8,1.1,-2.7,0.0
652,Jayson Tatum,SF,20.0,BOS,79.0,2455,15.1,3.0,17.7,10.4,10.0,1.6,2.1,22.1,1.6,3.4,5.0,0.097,-0.4,0.2,-0.2,1.1
653,Jeff Teague,PG,30.0,MIN,42.0,1264,15.4,1.3,7.7,4.5,37.6,1.6,1.2,19.3,1.7,0.5,2.2,0.085,0.8,-1.2,-0.4,0.5
654,Garrett Temple,SG,32.0,TOT,75.0,2040,8.5,1.5,10.2,5.8,7.4,1.8,1.4,13.2,0.3,2.0,2.2,0.052,-3.3,0.5,-2.8,-0.4
655,Garrett Temple,SG,32.0,MEM,49.0,1530,8.6,1.3,10.0,5.6,6.7,1.6,1.5,13.9,0.1,1.5,1.6,0.05,-3.1,0.4,-2.7,-0.3
656,Garrett Temple,SG,32.0,LAC,26.0,510,8.0,2.1,10.9,6.7,9.4,2.4,0.8,11.2,0.2,0.5,0.6,0.061,-4.1,1.0,-3.1,-0.1
657,Miloš Teodosić,PG,31.0,LAC,15.0,150,6.5,2.2,8.9,5.7,28.8,0.9,0.5,18.0,-0.1,0.1,-0.1,-0.019,-3.8,-1.7,-5.4,-0.1
658,Jared Terrell,SG,23.0,MIN,14.0,111,0.7,1.0,4.9,2.9,14.4,1.3,1.5,19.6,-0.4,0.0,-0.3,-0.14,-8.5,-2.3,-10.9,-0.2
659,Emanuel Terry,PF,22.0,TOT,3.0,23,19.7,14.1,19.6,16.8,12.2,6.2,0.0,20.1,0.0,0.0,0.1,0.117,-0.2,2.4,2.3,0.0
660,Emanuel Terry,PF,22.0,PHO,2.0,20,19.9,10.9,22.5,16.6,8.0,7.2,0.0,19.1,0.0,0.0,0.1,0.127,-1.1,3.4,2.3,0.0
661,Emanuel Terry,PF,22.0,MIA,1.0,3,18.4,35.4,0.0,17.7,40.5,0.0,0.0,26.8,0.0,0.0,0.0,0.045,5.9,-3.8,2.1,0.0
662,Daniel Theis,C,26.0,BOS,66.0,908,17.0,10.2,16.2,13.2,10.5,1.1,4.1,15.8,2.3,1.3,3.5,0.188,-0.8,0.9,0.0,0.5
663,Isaiah Thomas,SG,29.0,DEN,12.0,181,7.0,3.0,4.8,3.9,18.6,1.4,0.5,30.4,-0.4,0.1,-0.3,-0.077,-4.0,-2.5,-6.5,-0.2
664,Khyri Thomas,SG,22.0,DET,26.0,195,6.2,2.2,9.3,5.6,6.0,1.8,2.2,17.2,-0.2,0.2,0.0,0.005,-4.9,-0.1,-5.0,-0.2
665,Lance Thomas,PF,30.0,NYK,46.0,783,6.4,2.7,13.1,7.8,5.0,1.0,0.8,12.9,-0.3,0.3,0.1,0.004,-4.8,-0.9,-5.7,-0.7
666,Klay Thompson,SG,28.0,GSW,78.0,2652,16.6,1.6,10.1,6.0,10.5,1.5,1.5,25.6,2.9,2.3,5.3,0.095,1.1,-1.4,-0.3,1.2
667,Tristan Thompson,C,27.0,CLE,43.0,1198,18.4,15.4,25.7,20.3,11.2,1.2,1.2,17.7,2.1,0.5,2.6,0.105,1.4,-1.9,-0.5,0.4
668,Sindarius Thornwell,SG,24.0,LAC,64.0,313,5.2,1.7,12.8,7.5,7.2,2.1,1.8,11.3,-0.3,0.3,0.0,0.004,-5.8,1.0,-4.7,-0.2
669,Anthony Tolliver,PF,33.0,MIN,65.0,1079,8.6,1.5,16.2,8.8,5.5,0.8,1.7,12.5,0.6,0.5,1.2,0.052,-1.7,-0.7,-2.4,-0.1
670,Karl-Anthony Towns,C,23.0,MIN,77.0,2545,26.3,10.9,29.3,20.0,17.2,1.3,4.2,28.9,7.2,3.2,10.4,0.197,5.4,0.6,6.0,5.1
672,Gary Trent Jr.,SG,20.0,POR,15.0,111,3.6,1.0,9.4,5.3,6.2,0.4,1.4,21.7,-0.3,0.1,-0.2,-0.092,-6.6,-4.2,-10.8,-0.2
673,Allonzo Trier,SG,23.0,NYK,64.0,1459,12.2,2.2,12.2,7.1,12.9,0.9,0.8,21.5,0.4,0.5,0.9,0.03,-1.6,-1.5,-3.1,-0.4
674,P.J. Tucker,PF,33.0,HOU,82.0,2802,9.2,4.7,14.4,9.5,4.6,2.3,1.2,9.5,2.0,3.0,5.0,0.086,-1.6,1.0,-0.6,1.0
675,Evan Turner,PG,30.0,POR,73.0,1605,11.6,2.5,18.9,10.9,23.6,1.0,0.9,15.9,0.5,1.5,2.0,0.06,-1.8,0.5,-1.3,0.3
676,Myles Turner,C,22.0,IND,74.0,2119,18.0,5.4,22.0,13.9,8.0,1.4,8.4,20.0,1.9,4.4,6.3,0.144,0.0,2.4,2.5,2.4
677,Ekpe Udoh,C,31.0,UTA,51.0,320,20.9,9.3,20.9,15.2,12.8,1.5,7.7,13.1,0.9,0.7,1.6,0.238,0.8,3.9,4.7,0.5
678,Tyler Ulis,PG,23.0,CHI,1.0,1,0.0,0.0,0.0,0.0,0.0,0.0,0.0,0.0,0.0,0.0,0.0,-0.015,-7.7,-2.7,-10.4,0.0
679,Jonas Valančiūnas,C,26.0,TOT,49.0,1091,24.4,10.7,31.4,21.1,12.0,0.8,4.4,28.5,2.2,1.9,4.2,0.183,2.2,0.4,2.6,1.3
680,Jonas Valančiūnas,C,26.0,TOR,30.0,564,24.4,10.6,30.2,20.6,8.5,1.1,3.4,25.9,1.6,1.1,2.6,0.224,2.3,0.8,3.2,0.7
681,Jonas Valančiūnas,C,26.0,MEM,19.0,527,24.4,10.9,32.7,21.6,15.7,0.6,5.4,31.4,0.7,0.9,1.5,0.14,2.1,0.0,2.1,0.5
682,Jarred Vanderbilt,PF,19.0,DEN,17.0,69,12.4,10.9,25.2,18.0,5.9,4.3,1.3,19.4,-0.1,0.1,0.1,0.037,-5.2,1.0,-4.2,0.0
683,Fred VanVleet,PG,24.0,TOR,64.0,1760,13.7,1.3,8.7,5.1,23.9,1.6,0.9,17.9,2.4,1.9,4.3,0.117,0.4,0.1,0.5,1.1
684,Noah Vonleh,PF,23.0,NYK,68.0,1722,13.9,6.7,25.8,16.0,11.1,1.3,2.5,14.8,1.5,1.7,3.2,0.09,-1.2,0.5,-0.7,0.6
685,Nikola Vučević,C,28.0,ORL,80.0,2510,25.5,9.4,31.9,20.5,21.9,1.6,3.0,28.0,5.4,4.7,10.1,0.193,5.0,1.7,6.6,5.5
686,Dwyane Wade,SG,37.0,MIA,72.0,1885,15.8,3.9,12.2,8.0,26.5,1.5,1.8,27.9,0.1,2.3,2.4,0.061,0.8,-0.2,0.6,1.2
687,Moritz Wagner,C,21.0,LAL,43.0,446,10.1,4.0,15.4,9.8,7.4,1.1,2.4,21.7,-0.3,0.5,0.2,0.02,-3.9,-0.4,-4.3,-0.3
688,Dion Waiters,SG,27.0,MIA,44.0,1138,11.4,0.7,10.2,5.4,16.4,1.2,0.7,21.1,0.1,1.1,1.2,0.052,-0.5,-0.6,-1.1,0.3
689,Kemba Walker,PG,28.0,CHO,82.0,2863,21.7,1.9,11.9,6.8,29.4,1.7,1.0,31.5,5.5,1.9,7.4,0.123,5.2,-1.0,4.2,4.4
690,Lonnie Walker,SG,20.0,SAS,17.0,118,10.8,0.0,15.6,7.9,10.3,2.9,2.2,20.3,-0.1,0.2,0.0,0.019,-3.4,1.0,-2.4,0.0
691,John Wall,PG,28.0,WAS,32.0,1104,18.0,1.5,10.1,5.7,39.2,2.1,2.2,28.8,0.5,0.7,1.2,0.051,2.2,-1.4,0.9,0.8
692,Tyrone Wallace,PG,24.0,LAC,62.0,628,7.0,3.5,13.2,8.5,9.5,1.6,0.9,18.7,-0.8,0.5,-0.3,-0.023,-5.6,-0.8,-6.4,-0.7
693,Taurean Prince,SF,24.0,ATL,55.0,1552,11.9,1.5,12.3,6.7,11.1,1.6,1.1,19.5,0.8,0.7,1.5,0.047,-1.0,-1.0,-2.0,0.0
695,Brad Wanamaker,PG,29.0,BOS,36.0,343,14.3,0.9,11.8,6.4,22.5,1.7,0.5,17.1,0.6,0.4,1.0,0.134,-1.3,0.7,-0.7,0.1
696,T.J. Warren,SF,25.0,PHO,43.0,1360,16.3,2.5,11.8,7.1,7.7,1.8,1.8,22.7,1.6,0.5,2.1,0.074,0.9,-1.1,-0.2,0.6
697,Julian Washburn,SF,27.0,MEM,18.0,254,6.5,3.5,14.8,9.1,7.7,2.5,0.7,10.0,-0.2,0.3,0.1,0.023,-5.1,0.5,-4.6,-0.2
698,Yuta Watanabe,SF,24.0,MEM,15.0,174,3.3,2.5,17.7,10.0,6.6,1.1,0.5,15.8,-0.4,0.2,-0.2,-0.065,-7.0,-2.1,-9.1,-0.3
699,Thomas Welsh,C,22.0,DEN,11.0,36,16.1,0.0,12.1,6.0,20.5,0.0,0.0,17.7,0.1,0.0,0.1,0.162,2.2,-1.1,1.2,0.0
700,Russell Westbrook,PG,30.0,OKC,73.0,2630,21.1,4.1,28.3,15.8,46.5,2.5,1.1,30.9,1.8,5.0,6.8,0.124,2.8,2.4,5.2,4.7
701,Derrick White,PG,24.0,SAS,67.0,1728,14.8,2.2,13.3,7.8,21.0,1.9,2.3,17.7,1.7,1.9,3.6,0.101,-0.4,1.3,0.9,1.3
702,Okaro White,PF,26.0,WAS,3.0,6,-4.5,17.8,18.4,18.1,0.0,0.0,0.0,14.1,0.0,0.0,0.0,-0.251,-9.0,-7.8,-16.8,0.0
703,Hassan Whiteside,C,29.0,MIA,72.0,1674,23.5,16.3,35.6,25.9,5.6,1.3,7.3,22.6,2.3,4.0,6.3,0.18,1.1,1.2,2.3,1.8
704,Andrew Wiggins,SF,23.0,MIN,73.0,2543,12.4,3.5,11.4,7.4,10.9,1.3,1.6,24.4,-0.6,1.3,0.6,0.012,-1.2,-1.8,-3.0,-0.6
705,Alan Williams,PF,26.0,BRK,5.0,26,32.9,16.2,60.3,38.4,22.3,1.8,0.0,25.5,0.1,0.1,0.2,0.312,7.6,4.2,11.8,0.1
706,C.J. Williams,SG,28.0,MIN,15.0,128,8.8,0.8,5.9,3.3,12.9,2.2,0.0,13.3,0.1,0.1,0.1,0.042,-3.8,0.2,-3.7,-0.1
707,Johnathan Williams,C,23.0,LAL,24.0,372,15.1,13.6,13.9,13.7,4.9,1.0,1.5,16.4,0.7,0.3,1.0,0.135,-2.0,-1.1,-3.2,-0.1
708,Kenrich Williams,SF,24.0,NOP,46.0,1079,9.7,5.4,15.5,10.5,9.5,1.9,1.4,12.3,0.3,0.9,1.2,0.053,-2.3,0.4,-1.9,0.0
709,Lou Williams,SG,32.0,LAC,75.0,1993,21.2,2.2,9.4,5.9,33.0,1.3,0.4,32.4,3.9,1.2,5.1,0.123,4.3,-2.1,2.2,2.1
710,Marvin Williams,PF,32.0,CHO,75.0,2133,12.6,3.8,17.1,10.3,6.1,1.6,2.5,14.9,1.9,1.9,3.8,0.086,-0.4,0.2,-0.3,0.9
711,Robert Williams,C,21.0,BOS,32.0,283,18.8,10.2,20.4,15.3,3.3,1.5,12.5,10.3,0.5,0.6,1.2,0.201,-1.7,3.4,1.8,0.3
712,Troy Williams,SF,24.0,SAC,21.0,312,10.5,3.9,15.9,9.7,4.7,1.5,2.2,15.0,0.1,0.3,0.4,0.064,-2.4,0.0,-2.4,0.0
713,D.J. Wilson,PF,22.0,MIL,48.0,882,10.3,5.5,19.2,12.8,7.6,0.9,1.9,14.4,0.3,1.4,1.7,0.093,-2.4,0.2,-2.2,0.0
714,Justise Winslow,SF,22.0,MIA,66.0,1959,12.8,3.4,15.9,9.6,21.9,1.8,0.9,20.8,0.2,2.6,2.8,0.067,-1.3,0.7,-0.6,0.7
716,Christian Wood,PF,23.0,TOT,21.0,251,21.9,7.2,26.5,17.0,4.8,1.3,3.2,26.1,0.4,0.3,0.8,0.151,1.4,-1.0,0.4,0.1
717,Christian Wood,PF,23.0,MIL,13.0,62,17.1,7.0,24.7,16.4,4.6,0.0,0.0,23.4,0.1,0.1,0.2,0.146,0.3,-1.5,-1.3,0.0
718,Christian Wood,PF,23.0,NOP,8.0,189,23.4,7.2,27.0,17.3,4.9,1.7,4.3,26.9,0.3,0.3,0.6,0.152,1.7,-0.8,0.9,0.1
719,Delon Wright,PG,26.0,TOT,75.0,1699,15.5,4.4,12.8,8.6,21.6,2.5,1.6,18.1,1.9,2.4,4.3,0.121,0.1,1.4,1.5,1.5
720,Delon Wright,PG,26.0,TOR,49.0,897,14.5,4.8,10.1,7.5,16.8,2.5,1.4,17.1,1.0,1.3,2.3,0.123,0.1,1.6,1.7,0.8
721,Delon Wright,PG,26.0,MEM,26.0,802,16.6,4.0,15.9,9.9,26.9,2.6,1.8,19.2,0.9,1.1,2.0,0.119,0.0,1.2,1.2,0.6
722,Guerschon Yabusele,PF,23.0,BOS,41.0,251,12.4,9.8,12.8,11.3,8.2,1.5,2.5,17.5,0.2,0.3,0.5,0.09,-2.5,-0.2,-2.7,0.0
723,Nick Young,SG,33.0,DEN,4.0,37,2.3,0.0,2.9,1.5,6.8,0.0,2.4,12.7,0.0,0.0,0.0,-0.021,-4.3,-2.5,-6.9,0.0
724,Thaddeus Young,PF,30.0,IND,81.0,2489,16.2,8.7,14.4,11.7,12.0,2.4,1.3,18.0,3.0,3.9,6.9,0.133,0.4,1.1,1.5,2.2
725,Trae Young,PG,20.0,ATL,81.0,2503,17.0,2.6,10.2,6.3,40.5,1.3,0.5,28.4,2.5,0.7,3.3,0.062,2.3,-2.8,-0.6,0.9
726,Cody Zeller,C,26.0,CHO,49.0,1243,17.2,9.4,19.7,14.5,12.1,1.5,2.9,16.3,2.6,1.2,3.9,0.15,-0.6,0.7,0.1,0.7
727,Tyler Zeller,C,29.0,TOT,6.0,93,17.3,12.9,15.7,14.2,6.7,0.5,3.1,20.1,0.2,0.1,0.3,0.167,-3.1,-1.9,-5.0,-0.1
728,Tyler Zeller,C,29.0,ATL,2.0,11,1.5,18.7,39.1,28.7,10.6,0.0,0.0,7.4,0.0,0.0,0.0,-0.013,-8.7,-1.6,-10.2,0.0
729,Tyler Zeller,C,29.0,MEM,4.0,82,19.4,12.1,12.5,12.3,6.2,0.6,3.5,21.8,0.2,0.1,0.3,0.191,-2.3,-1.9,-4.3,0.0
730,Ante Žižić,C,22.0,CLE,59.0,1082,16.2,10.6,22.8,16.4,7.7,0.6,1.8,18.2,1.7,0.3,2.0,0.087,-1.1,-2.1,-3.2,-0.3
731,Ivica Zubac,C,21.0,TOT,59.0,1040,18.9,11.9,24.2,18.2,9.1,0.6,4.0,20.3,1.9,1.3,3.2,0.148,-0.2,-0.2,-0.5,0.4
732,Ivica Zubac,C,21.0,LAL,33.0,516,19.5,11.0,21.2,16.2,7.3,0.4,4.3,20.5,1.1,0.6,1.8,0.165,-0.3,0.1,-0.2,0.2
733,Ivica Zubac,C,21.0,LAC,26.0,524,18.3,12.7,27.2,20.2,10.9,0.9,3.6,20.1,0.7,0.7,1.4,0.132,-0.2,-0.5,-0.7,0.2
